State,Nội dung,8/3,,9/3,,10/3,,11/3,,12/3,,13/3,,14/3,,15/3,,16/3,,17/3,,23/3,,24/3,,27/3,,28/3,,29/3,,30/3,,6/4,,31/3,,1/4,,1/4,,2/4,,2/4,,3/4,,4/4,,5/4,,6/4,,7/4,,8/4,,9/4,,10/4,,11/4,,12/4,,13/4,,14/4,,15/4,,17/4,,18/4,,19/4,,20/4,,21/4,,22/4,,24/4,,25/4,,26/4,,27/4,,28/4,,3/5,,4/5,,5/5,,9/5,,10/5,,11/5,,18/5,,18/5,,19/5,,29/5,,30/5,,31/5,,1/6,,2/6,,3/6,,7/6,,8/6,,9/6,,12/6,,13/6,,14/6,,15/6,,15/6,,16/6,,17/6,,19/7,,24/6,,3/7,,7/7,,12/7,,17/7,,19/7,,20/7,,21/7,,22/7,,26/7,,28/7,,31/7,,2/8,,4/8,,7/8,,8/8,,9/8,,11/8,,14/8,,16/8,,18/8,,19/8,,21/8,,23/8,,24/8,,25/8,,26/8,,28/8,,30/8,,6/9,,7/9,,8/9,,9/9,,11/9,,13/9,,14/9,,15/9,,16/9,,18/9,,20/9,,21/9,,22/9,,25/9,,26/9,,27/9,,28/9,,29/9,,30/9,,2/10,,3/10,,4/10,,5/10,,7/10,,9/10,,11/10,,12/10,,17/10,,21/10,,25/10,,27/10,,30/10,,2/11,,3/11,,4/11,,6/11,,7/11,,8/11,,10/11,,13/11,,14/11,,15/11,,17/11,,18/11,,20/11,,21/11,,22/11,,24/11,,27/11,,29/11,,1/12,,4/12,,8/12,,11/12,,12/12,,13/12,,15/12,,18/12,,21/12,,22/12,,25/12,,27/12,,28/12,,29/12,,2/1,,6/1,,12/1,,13/1,,15/1,,18/1,,22/1,,23/1,,29/1,,30/1,,31/1,,2/2,,19/2,,20/2,,22/2,,24/2,,29/2,,6/3,,12/3,,14/3,,19/3,,26/3,,28/3,,30/3,,2/4,,4/4,,6/4,,9/4,,13/4,,17/4,,23/4,,27/4,,2/5,,3/5,,7/5,,8/5,,10/5,,13/5,,14/5,,16/5,,21/5,,22/5,,24/5,,24/5,,28/5,,28/5,,3/6,,3/6,,5/6,,5/6,,10/6,,10/6,,11/6,,12/6,,13/6,,13/6,,14/6,,17/6,,17/6,,18/6,,19/6,,21/6,,21/6,,25/6,,25/6,,3/7,,3/7,,8/7,,8/7,,11/7,,11/7,,16/7,,16/7,,18/7,,18/7,,20/7,,20/7,,24/7,,24/7,,25/7,,25/7,,26/7,,26/7,,30/7,,30/7,,31/7,,31/7,,1/8,,1/8,,3/8,,3/8,,8/8,,8/8,,10/8,,10/8,,12/8,,12/8,,13/8,,13/8,,15/8,,15/8,,16/8,,16/8,,19/8,,19/8,,21/8,,21/8,,22/8,,22/8,,23/8,,23/8,,24/8,,24/8,,28/8,,28/8,,29/8,,29/8,,31/8,,31/8,,3/9,,3/9,,4/9,,4/9,,6/9,,6/9,,11/9,,12/9,,13/9,,14/9,,16/9,,16/9,,23/9,,23/9,,25/9,,26/9,,26/9,,28/9,,1/10,,1/10,,2/10,,3/10,,3/10,,4/10,,4/10,,5/10,,7/10,,7/10,,9/10,,9/10,,10/10,,10/10,,11/10,,12/10,,12/10,,14/10,,14/10,,16/10,,17/10,,19/10,,19/10,,21/10,,21/10,,22/10,,22/10,,24/10,,24/10,,25/10,,26/10,,26/10,,28/10,,28/10,,30/10,,30/10,,31/10,,31/10,,1/11,,2/11,,2/11,,4/11,,4/11,,7/11,,7/11,,8/11,,12/11,,12/11,,13/11,,13/11,,14/11,,15/11,,18/11,,18/11,,20/11,,20/11,,21/11,,22/11,,22/11,,25/11,,27/11,,28/11,,29/11,,29/11,,30/11,,2/12,,2/12,,3/12,,5/12,,6/12,,7/12,,7/12,,9/12,,9/12,,11/12,,13/12,,13/12,,16/12,,19/12,,20/12,,20/12,,23/12,,24/12,,27/12,,28/12,,30/12,,30/12,,31/12,,2/1,,3/1,,4/1,,6/1,,7/1,,9/1,,10/1,,11/1,,13/1,,14/1,,15/1,,16/1,,18/1,,20/1,,22/1,,24/1,,3/2,,8/2,,10/2,,11/2,,13/2,,14/2,,18/2,,18/2,,21/2,,26/2,,26/2,,28/2,,28/2,,5/3,,5/3,,11/3,,18/3,,26/3,,28/3,,9/4,,17/4,,17/4,,21/4,,24/4,,24/4,,29/4,,29/4,,7/5,,8/5,,8/5,,14/5,,23/5,,24/5,,27/5,,28/5,,2/6,,7/6,,9/6,,10/6,,12/6,,12/6,,18/6,,20/6,,20/6,,25/6,,26/6,,4/7,,4/7,,9/7,,16/7,,16/7,,22/7,,22/7,,24/7,,25/7,,25/7,,31/7,,31/7,,4/8,,9/8,,12/8,,12/8,,26/8,,26/8,,4/9,,4/9,,25/9,,25/9,,2/10,,4/10,,7/10,,10/10,,14/10,,15/10,,21/10,,23/10,,28/10,,7/11,,14/11,,18/11,,18/11,,20/11,,29/11,,1/12,,10/12,,11/12,,11/12,,17/12,,18/12,,19/12,,23/12,,29/12,,29/12,,30/12,,31/12,,6/1,,7/1,,8/1,,12/1,,13/1,,15/1,,16/1,,19/1,,20/1,,21/1,,22/1,,27/1,,29/1,,30/1,,3/2,,4/2,,9/2,,10/2,,11/2,,12/2,,26/2,,3/3,,3/3,,4/3,,6/3,,7/3,,10/3,,10/3,,12/3,,16/3,,17/3,,18/3,,19/3,,20/3,,23/3,,24/3,,24/3,,26/3,,27/3,,30/3,,31/3,,1/4,,2/4,,3/4,,3/4,,4/4,,6/4,,7/4,,9/4,,9/4,,13/4,,14/4,,14/4,,15/4,,16/4,,20/4,,21/4,,21/4,,22/4,,23/4,,23/4,,24/4,,28/4,,29/4,,4/5,,5/5,,,,,,,,,,,,,,,,,,,,,,,,,,,,,,,,,
,,Đầu,Cuối,Đầu,Cuối,Đầu,Cuối,Đầu,Cuối,Đầu,Cuối,Đầu,Cuối,Đầu,Cuối,Đầu,Cuối,Đầu,Cuối,Đầu,Cuối,Đầu,Cuối,Đầu,Cuối,Đầu,Cuối,Đầu,Cuối,Đầu,Cuối,Đầu,Cuối,Đầu,Cuối,Đầu,Cuối,Đầu,Cuối,Đầu,Cuối,Đầu,Cuối,Đầu,Cuối,Đầu,Cuối,Đầu,Cuối,Đầu,Cuối,Đầu,Cuối,Đầu,Cuối,Đầu,Cuối,Đầu,Cuối,Đầu,Cuối,Đầu,Cuối,Đầu,Cuối,Đầu,Cuối,Đầu,Cuối,Đầu,Cuối,Đầu,Cuối,Đầu,Cuối,Đầu,Cuối,Đầu,Cuối,Đầu,Cuối,Đầu,Cuối,Đầu,Cuối,Đầu,Cuối,Đầu,Cuối,Đầu,Cuối,Đầu,Cuối,Đầu,Cuối,Đầu,Cuối,Đầu,Cuối,Đầu,Cuối,Đầu,Cuối,Đầu,Cuối,Đầu,Cuối,Đầu,Cuối,Đầu,Cuối,Đầu,Cuối,Đầu,Cuối,Đầu,Cuối,Đầu,Cuối,Đầu,Cuối,Đầu,Cuối,Đầu,Cuối,Đầu,Cuối,Đầu,Cuối,Đầu,Cuối,Cuối,Cuối,Đầu,Cuối,Đầu,Cuối,Đầu,Cuối,Đầu,Cuối,Đầu,Cuối,Đầu,Cuối,Đầu,Cuối,Đầu,Cuối,Đầu,Cuối,Đầu,Cuối,Đầu,Cuối,Đầu,Cuối,Đầu,Cuối,Đầu,Cuối,Đầu,Cuối,Đầu,Cuối,Đầu,Cuối,Đầu,Cuối,Đầu,Cuối,Đầu,Cuối,Đầu,Cuối,Đầu,Cuối,Đầu,Cuối,Đầu,Cuối,Đầu,Cuối,Đầu,Cuối,Đầu,Cuối,Đầu,Cuối,Đầu,Cuối,Đầu,Cuối,Đầu,Cuối,Đầu,Cuối,Đầu,Cuối,Đầu,Cuối,Đầu,Cuối,Đầu,Cuối,Đầu,Cuối,Đầu,Cuối,Đầu,Cuối,Đầu,Cuối,Đầu,Cuối,Đầu,Cuối,Đầu,Cuối,Đầu,Cuối,Đầu,Cuối,Đầu,Cuối,Đầu,Cuối,Đầu,Cuối,Đầu,Đầu,Đầu,Đầu,Đầu,Đầu,Đầu,Đầu,Đầu,Đầu,Đầu,Cuối,Đầu,Cuối,Đầu,Cuối,Đầu,Cuối,Đầu,Cuối,Đầu,Cuối,Đầu,Cuối,Đầu,Cuối,Đầu,Cuối,Đầu,Cuối,Đầu,Cuối,Đầu,Cuối,Đầu,Cuối,Đầu,Cuối,Đầu,Cuối,Đầu,Cuối,Đầu,Cuối,Đầu,Cuối,Đầu,Cuối,Đầu,Cuối,Đầu,Cuối,Đầu,Cuối,Đầu,Cuối,Đầu,Cuối,Đầu,Cuối,Đầu,Cuối,Đầu,Cuối,Đầu,Cuối,Đầu,Cuối,Đầu,Cuối,Đầu,Cuối,Đầu,Cuối,Đầu,Cuối,Đầu,Cuối,Đầu,Cuối,Đầu,Cuối,Đầu,Cuối,Đầu,Cuối,Đầu,Cuối,Đầu,Cuối,Đầu,Cuối,Đầu,Cuối,Đầu,Cuối,Đầu,Cuối,Đầu,Cuối,Đầu,Cuối,Đầu,Cuối,Đầu,Cuối,Đầu,Cuối,Đầu,Cuối,Đầu,Cuối,Đầu,Cuối,Đầu,Cuối,Đầu,Cuối,Đầu,Cuối,Đầu,Cuối,Đầu,Cuối,Đầu,Cuối,Đầu,Cuối,Đầu,Cuối,Đầu,Cuối,Đầu,Cuối,Đầu,Cuối,Đầu,Cuối,Đầu,Cuối,Đầu,Cuối,Đầu,Cuối,Đầu,Cuối,Đầu,Cuối,Đầu,Cuối,Đầu,Cuối,Đầu,Cuối,Đầu,Cuối,Đầu,Cuối,Đầu,Cuối,Đầu,Cuối,Đầu,Cuối,Đầu,Cuối,Đầu,Cuối,Đầu,Cuối,Đầu,Cuối,Đầu,Cuối,Đầu,Cuối,Đầu,Cuối,Đầu,Cuối,Đầu,Cuối,Đầu,Cuối,Đầu,Cuối,Đầu,Cuối,Đầu,Cuối,Đầu,Cuối,Đầu,Cuối,Đầu,Cuối,Đầu,Cuối,Đầu,Cuối,Đầu,Cuối,Đầu,Cuối,Đầu,Cuối,Đầu,Cuối,Đầu,Cuối,Đầu,Cuối,Đầu,Cuối,Đầu,Cuối,Đầu,Cuối,Đầu,Cuối,Đầu,Cuối,Đầu,Cuối,Đầu,Cuối,Đầu,Cuối,Đầu,Cuối,Đầu,Cuối,Đầu,Cuối,Đầu,Cuối,Đầu,Cuối,Đầu,Cuối,Đầu,Cuối,Đầu,Cuối,Đầu,Cuối,Đầu,Cuối,Đầu,Cuối,Đầu,Cuối,Đầu,Cuối,Đầu,Cuối,Đầu,Cuối,Đầu,Cuối,Đầu,Cuối,Đầu,Cuối,Đầu,Cuối,Đầu,Cuối,Đầu,Cuối,Đầu,Cuối,Đầu,Cuối,Đầu,Cuối,Đầu,Cuối,Đầu,Cuối,Đầu,Cuối,Đầu,Cuối,Đầu,Cuối,Đầu,Cuối,Đầu,Cuối,Đầu,Cuối,Đầu,Cuối,Đầu,Cuối,Đầu,Cuối,Đầu,Cuối,Đầu,Cuối,Đầu,Cuối,Đầu,Cuối,Đầu,Cuối,Đầu,Cuối,Đầu,Cuối,Đầu,Cuối,Đầu,Cuối,Đầu,Cuối,Đầu,Cuối,Đầu,Cuối,Đầu,Cuối,Đầu,Cuối,Đầu,Cuối,Đầu,Cuối,Đầu,Cuối,Đầu,Cuối,Đầu,Cuối,Đầu,Cuối,Đầu,Cuối,Đầu,Cuối,Đầu,Cuối,Đầu,Cuối,Đầu,Cuối,Đầu,Cuối,Đầu,Cuối,Đầu,Cuối,Đầu,Cuối,Đầu,Cuối,Đầu,Cuối,Đầu,Cuối,Đầu,Cuối,Đầu,Cuối,Đầu,Cuối,Đầu,Cuối,Đầu,Cuối,Đầu,Cuối,Đầu,Cuối,Đầu,Cuối,Đầu,Cuối,Đầu,Cuối,Đầu,Cuối,Đầu,Cuối,Đầu,Cuối,Đầu,Cuối,Đầu,Cuối,Đầu,Cuối,Đầu,Cuối,Đầu,Cuối,Đầu,Cuối,Đầu,Cuối,Đầu,Cuối,Đầu,Cuối,Đầu,Cuối,Đầu,Cuối,Đầu,Cuối,Đầu,Cuối,Đầu,Cuối,Đầu,Cuối,Đầu,Cuối,Đầu,Cuối,Đầu,Cuối,Đầu,Cuối,Đầu,Cuối,Đầu,Cuối,Đầu,Cuối,Đầu,Cuối,Đầu,Cuối,Đầu,Cuối,Đầu,Cuối,Đầu,Cuối,Đầu,Cuối,Đầu,Cuối,Đầu,Cuối,Đầu,Cuối,Đầu,Cuối,Đầu,Cuối,Đầu,Cuối,Đầu,Cuối,Đầu,Cuối,Đầu,Cuối,Đầu,Cuối,Đầu,Cuối,Đầu,Cuối,Đầu,Cuối,Đầu,Cuối,Đầu,Cuối,Đầu,Cuối,Đầu,Cuối,Đầu,Cuối,Đầu,Cuối,Đầu,Cuối,Đầu,Cuối,Đầu,Cuối,Đầu,Cuối,Đầu,Cuối,Đầu,Cuối,Đầu,Cuối,Đầu,Cuối,Đầu,Cuối,Đầu,Cuối,Đầu,Cuối,Đầu,Cuối,Đầu,Cuối,Đầu,Cuối,Đầu,Cuối,Đầu,Cuối,Đầu,Cuối,Đầu,Cuối,Đầu,Cuối,Đầu,Cuối,Đầu,Cuối,Đầu,Cuối,Đầu,Cuối,Đầu,Cuối,Đầu,Cuối,Đầu,Cuối,Đầu,Cuối,Đầu,Cuối,Đầu,Cuối,Đầu,Cuối,Đầu,Cuối,Đầu,Cuối,Đầu,Cuối,Đầu,Cuối,Đầu,Cuối,Đầu,Cuối,Đầu,Cuối,Đầu,Cuối,Đầu,Cuối,Đầu,Cuối,Đầu,Cuối,Đầu,Cuối,Đầu,Cuối,Đầu,Cuối,Đầu,Cuối,Đầu,Cuối,Đầu,Cuối,Đầu,Cuối,Đầu,Cuối,Đầu,Cuối,Đầu,Cuối,Đầu,Cuối,Đầu,Cuối,Đầu,Cuối,Đầu,Cuối,Đầu,Cuối,Đầu,Cuối,Đầu,Cuối,Đầu,Cuối,Đầu,Cuối,Đầu,Cuối,Đầu,Cuối,Đầu,Cuối,Đầu,Cuối,Đầu,Cuối,Đầu,Cuối,Đầu,Cuối,Đầu,Cuối,Đầu,Cuối,Đầu,Cuối,Đầu,Cuối,Đầu,Cuối,Đầu,Cuối,Đầu,Cuối,Đầu,Cuối,Đầu,Cuối,Đầu,Cuối,Đầu,Cuối,Đầu,Cuối,Đầu,Cuối,Đầu,Cuối,Đầu,Cuối,Đầu,Cuối,Đầu,Cuối,Đầu,Cuối,Đầu,Cuối,Đầu,Cuối,Đầu,Cuối,Đầu,Cuối,Đầu,Cuối,Đầu,Cuối,Đầu,Cuối,Đầu,Cuối,Đầu,Cuối,Đầu,Cuối,Đầu,Cuối,Đầu,Cuối,Đầu,Cuối,Đầu,Cuối,Đầu,Cuối,Đầu,Cuối,Đầu,Cuối,Đầu,Cuối,Đầu,Cuối,Đầu,Cuối,Đầu,Cuối,Đầu,Cuối,Đầu,Cuối,Đầu,Cuối,Đầu,Cuối,Đầu,Cuối,Đầu,Cuối,Đầu,Cuối,Đầu,Cuối,Đầu,Cuối,Đầu,Cuối,Đầu,Cuối,Đầu,Cuối,Đầu,Cuối,Đầu,Cuối,Đầu,Cuối,Đầu,Cuối,Đầu,Cuối,Đầu,Cuối,Đầu,Cuối,Đầu,Cuối,Đầu,Cuối,Đầu,Cuối,Đầu,Cuối,Đầu,Cuối,Đầu,Cuối,Đầu,Cuối,Đầu,Cuối,Đầu,Cuối,Đầu,Cuối,Đầu,Cuối,Đầu,Cuối,Đầu,Cuối,Đầu,Cuối,Đầu,Cuối,Đầu,Cuối,Đầu,Cuối,Đầu,Cuối,Đầu,Cuối,Đầu,Cuối,Đầu,Cuối,Đầu,Cuối,Đầu,Cuối,Đầu,Cuối,Đầu,Cuối,Đầu,Cuối,Đầu,Cuối,Đầu,Cuối,Đầu,Cuối,Đầu,Cuối,Đầu,Cuối,Đầu,Cuối,Đầu,Cuối,Đầu,Cuối,Đầu,Cuối,Đầu,Cuối,Đầu,Cuối,Đầu,Cuối,Đầu,Cuối,Đầu,Cuối,Đầu,Cuối,Đầu,Cuối,Đầu,Cuối,Đầu,Cuối,Đầu,Cuối,Đầu,Cuối,Đầu,Cuối,Đầu,Cuối,Đầu,Cuối,Đầu,Cuối,Đầu,Cuối,Đầu,Cuối,Đầu,Cuối,Đầu,Cuối,Đầu,Cuối,Đầu,Cuối,Đầu,Cuối,Đầu,Cuối,Đầu,Cuối,Đầu,Cuối,Đầu,Cuối,Đầu,Cuối,Đầu,Cuối,Đầu,Cuối,Đầu,Cuối,Đầu,Cuối,Đầu,Cuối,Đầu,Cuối,Đầu,Cuối,Đầu,Cuối,Đầu,Cuối,Đầu,Cuối,Đầu,Cuối,Đầu,Cuối,Đầu,Cuối,Đầu,Cuối,Đầu,Cuối,Đầu,Cuối,Đầu,Cuối,Đầu,Cuối,Đầu,Cuối,Đầu,Cuối,Đầu,Cuối,Đầu,Cuối,Đầu,Cuối,Đầu,Cuối,Đầu,Cuối,Đầu,Cuối,Đầu,Cuối,Đầu,Cuối,Đầu,Cuối,Đầu,Cuối,Đầu,Cuối,Đầu,Cuối,Đầu,Cuối,Đầu,Cuối,Đầu,Cuối,Đầu,Cuối,Đầu,Cuối,Đầu,Cuối,Đầu,Cuối,Đầu,Cuối,Đầu,Cuối
A1,Xem thông tin / Test hàng,5,5,5,0,0,0,0,0,0,0,0,0,0,0,0,8,8,4,6,4,9,3,3,0,0,4,4,1,1,1,1,1,1,0,0,0,0,0,0,0,0,0,0,0,0,0,0,0,0,0,0,0,0,0,0,0,0,0,0,0,0,0,2,1,1,1,1,1,1,1,1,1,1,1,1,1,1,2,2,1,1,0,0,5,5,2,2,0,0,0,0,0,0,1,1,0,0,0,0,0,0,6,6,0,0,0,0,0,0,0,0,0,0,0,0,0,0,0,0,0,0,0,0,10,10,2,2,5,5,10,10,0,0,0,0,5,5,5,5,5,5,1,1,0,0,0,0,0,0,0,0,0,0,0,0,2,2,0,0,5,5,0,0,0,0,1,1,1,1,0,0,3,3,2,2,0,0,0,0,0,0,0,0,0,0,2,2,0,0,0,0,0,0,0,0,0,0,0,0,0,0,1,1,1,1,1,1,1,1,1,1,1,1,1,1,3,3,3,3,3,3,3,3,2,2,3,3,2,2,1,1,0,0,3,3,1,0,0,0,0,0,0,0,0,0,2,2,0,0,0,0,0,0,1,1,1,1,8,8,0,0,0,0,0,0,0,0,0,0,3,3,0,0,0,0,0,0,0,0,0,0,0,0,0,0,0,0,0,0,0,0,0,0,4,4,0,0,0,0,0,0,0,0,1,1,0,0,0,0,0,0,0,0,0,0,0,0,0,0,0,0,0,0,0,0,0,0,0,0,0,0,0,0,0,0,0,0,0,0,0,0,0,0,0,0,0,0,0,0,0,0,0,0,1,1,4,4,0,0,0,0,1,1,0,0,0,0,0,0,0,0,0,0,0,0,0,0,0,0,0,0,0,0,0,0,0,0,0,0,0,0,0,0,0,0,0,0,0,0,0,0,0,0,0,0,0,0,0,0,0,0,0,0,0,0,3,3,0,0,5,5,0,0,7,7,0,0,0,0,0,0,5,5,0,0,0,0,0,0,0,0,0,0,0,0,7,7,0,0,0,0,0,0,3,0,0,0,5,5,0,0,8,8,0,0,5,5,0,0,2,2,0,0,6,6,0,0,7,7,7,7,17,17,0,0,3,3,0,0,0,0,0,0,0,0,0,0,13,13,0,0,0,0,0,0,2,2,0,0,0,0,0,0,5,5,0,0,2,2,0,0,4,4,0,0,12,12,0,0,0,0,0,0,2,2,0,0,0,0,0,0,4,4,0,0,5,5,0,0,1,1,0,0,0,0,0,0,8,8,0,0,1,1,0,0,0,0,0,0,0,6,0,0,4,4,0,0,1,1,0,0,6,6,0,0,7,7,0,0,0,0,0,0,13,13,0,0,10,10,0,0,0,0,0,0,3,3,0,0,0,0,6,6,0,0,0,0,0,0,0,0,4,4,0,0,3,3,0,0,8,8,0,0,0,0,1,1,0,0,4,4,0,0,13,13,0,0,0,0,0,0,0,0,0,0,3,3,0,0,3,3,0,0,0,0,1,1,0,0,11,11,0,0,1,1,0,0,0,9,0,0,1,1,7,7,0,0,0,0,0,0,9,9,0,0,0,0,3,3,0,0,0,0,0,0,8,8,0,0,2,2,0,0,5,5,0,0,0,0,3,3,0,0,0,0,0,5,5,5,5,5,0,0,0,0,0,0,0,0,0,0,0,0,11,11,0,0,1,1,3,3,0,0,0,0,0,0,0,0,0,0,6,6,0,0,0,0,11,13,0,0,5,5,5,5,9,9,0,0,0,0,0,0,0,0,0,0,5,5,5,5,0,0,0,0,0,0,2,2,0,0,1,1,1,1,1,1,0,0,0,0,0,0,0,0,0,0,8,8,0,0,0,0,0,0,1,1,0,0,0,0,10,10,0,0,1,1,0,0,0,0,0,0,0,0,0,0,0,0,0,0,0,0,0,0,0,0,0,0,0,0,0,0,3,3,0,0,0,0,7,7,0,0,0,0,19,19,3,3,0,0,3,3,0,0,0,0,0,0,1,1,10,10,0,0,0,0,5,0,0,0,0,0,0,0,23,23,0,0,0,0,9,9,0,0,8,8,0,0,0,0,5,5,0,0,8,8,0,0,5,5,0,0,4,4,0,0,6,6,0,0,0,13,0,0,13,13,0,0,1,1,8,8,0,0,2,2,11,11,0,0,20,20,0,0,2,2,6,6,18,18,0,0,0,0,11,11,20,20,0,0,0,0,0,0,0,0,1,1,12,12,0,0,0,0,5,5,0,0,0,0,1,1,0,0,4,4,0,0,14,14,0,0,0,0,2,2,4,9,0,0,0,0,0,0,12,12,0,0,3,3,18,18,0,0,3,3,3,3,4,4,6,6,0,0,0,0,0,0,2,2,0,0,5,5,7,7,0,0,0,0,0,0,0,0,2,2,0,0,3,3,0,0,1,1,0,0,0,0,5,5,6,6,7,7,8,8,0,0,1,1,0,0,0,0,1,1,0,0,4,4,0,0,7,7,8,8,0,0,0,3,0,0,0,0,0,0,0,0,0,0,0,0,0,0,1,1,0,0,1,1,0,1,0,0,0,0,0,0,0,0,0,0,0,0,0,0,0,0,0,0,0,0,0,0,0,0,0,0,0,0,0,0,0,0,0
A2,Liên hệ khách hàng - chốt xử lý,10,0,0,0,0,0,0,0,0,0,0,0,0,0,0,0,0,0,0,0,0,1,1,2,2,2,2,1,1,1,1,1,1,0,0,0,0,0,0,0,0,0,0,0,0,0,0,0,0,0,0,0,0,0,0,0,0,0,0,0,0,0,0,1,1,1,1,2,2,1,1,0,0,0,0,0,0,0,0,1,1,0,0,0,0,1,1,1,1,0,0,0,0,0,0,0,0,0,0,0,0,0,0,1,1,14,3,3,3,0,0,0,0,0,0,3,3,0,0,0,0,0,0,0,0,0,0,0,0,1,1,1,1,0,0,0,0,0,0,0,0,0,0,1,1,0,0,2,0,0,0,0,0,0,0,0,0,0,0,0,0,2,0,0,0,0,0,0,0,0,0,0,0,0,0,0,0,0,0,0,0,0,0,0,0,0,0,1,1,0,0,0,0,0,0,0,0,0,0,0,0,0,0,0,0,0,0,0,0,0,0,0,0,0,0,0,0,0,0,0,0,0,0,0,0,0,0,0,0,0,0,0,0,0,0,0,2,0,0,0,0,0,0,0,0,0,0,1,1,1,1,1,1,0,0,0,0,0,0,7,7,1,1,0,0,0,0,0,0,0,0,1,1,0,0,0,0,0,0,0,0,0,0,0,0,0,0,0,0,2,2,2,2,0,0,0,0,0,0,0,0,0,0,0,0,0,0,0,0,0,0,0,0,0,0,0,0,0,0,0,0,0,0,0,0,1,1,1,1,1,1,0,0,0,0,0,0,0,0,0,0,0,0,0,0,2,0,0,0,0,0,0,0,0,0,0,0,0,0,0,0,0,0,0,0,0,0,0,0,0,0,0,0,0,0,0,0,0,0,0,0,0,0,0,0,0,0,0,0,0,0,0,0,0,0,0,0,0,0,0,0,0,0,4,4,0,0,0,0,1,1,1,1,0,0,0,0,0,0,0,0,0,0,0,0,5,5,5,5,5,5,5,5,0,0,0,0,0,0,0,0,0,0,0,0,0,0,0,0,0,0,0,0,0,2,0,0,0,0,0,0,0,0,2,2,2,2,2,2,1,1,0,0,0,0,0,0,0,0,0,0,0,0,7,7,7,7,7,7,7,7,0,0,0,0,0,0,0,0,4,4,4,4,4,4,4,4,0,0,0,0,0,0,0,0,0,0,0,0,2,2,2,2,1,1,1,1,13,13,13,4,0,0,0,0,0,0,0,0,0,0,0,0,0,0,0,0,0,0,0,0,0,0,0,0,0,0,0,0,0,0,0,0,0,0,0,0,0,0,2,0,0,0,0,0,2,2,2,2,0,0,0,0,0,0,0,0,0,0,0,0,0,0,0,0,12,12,12,12,0,0,0,0,0,0,0,0,0,0,0,0,0,0,1,1,1,1,1,1,0,0,0,0,2,2,2,2,0,0,0,0,0,0,0,0,0,0,0,0,0,0,0,0,0,0,0,0,0,0,0,0,0,0,0,0,0,0,0,0,0,0,1,1,1,1,1,1,0,0,0,0,0,0,0,0,0,0,2,0,0,0,0,0,0,0,0,0,0,2,0,0,0,0,0,0,0,0,0,0,0,0,0,0,0,0,0,0,0,0,0,0,0,0,0,0,0,0,0,0,0,0,0,0,0,0,0,0,0,0,0,0,2,2,2,2,0,0,0,0,0,0,0,0,0,0,0,0,0,0,0,0,0,0,0,0,0,0,0,0,0,0,0,0,0,0,0,0,0,0,0,0,0,0,0,0,0,0,2,2,2,2,2,2,2,2,2,2,2,2,2,2,2,2,0,0,0,0,0,0,0,0,0,0,0,0,0,0,0,0,0,0,0,0,0,0,0,0,0,0,1,1,0,0,0,0,0,0,0,0,0,0,0,0,1,1,1,1,0,0,0,0,0,0,0,0,0,0,0,0,0,0,0,0,1,1,1,1,1,1,0,0,0,0,0,0,0,0,3,3,3,3,0,0,0,0,0,0,1,1,0,0,0,0,0,0,0,0,0,0,0,0,0,0,0,0,0,0,0,2,0,0,0,0,0,0,0,0,0,0,0,0,0,0,0,0,0,0,0,0,0,0,0,0,0,0,0,0,0,0,0,0,0,0,0,0,0,0,0,0,0,0,2,0,0,0,0,0,0,0,0,0,0,0,0,0,0,0,0,0,1,1,1,1,0,0,0,0,0,0,0,0,0,0,0,0,0,0,0,0,1,1,0,0,0,0,0,0,0,0,0,0,0,0,0,0,0,0,0,0,2,0,0,0,0,0,0,0,1,1,1,1,0,0,0,0,0,0,0,0,0,0,0,0,0,0,0,0,0,0,0,0,0,0,0,0,0,0,0,0,0,0,0,0,1,1,1,1,1,1,1,1,1,1,1,1,1,1,0,0,0,0,0,0,0,0,0,0,0,0,0,0,0,0,0,0,0,0,0,0,0,0,0,0,0,0,0,0,0,0,0,0,0,0,0,0,0,0,0,0,0,0,0,0,0,0,0,0,3,3,2,3,3,3,3,3,3,3,3,3,3,3,3,3,3,3,3,3,3,3,3,3,3,3,2,2,2,2,2,2,2,2,2,2,2,2,2,2,2,2,2,2,2,2,2,2,2,2,2,2,2,2,2,2,2,2,2
A3,Chuyển xử lý,0,0,0,0,0,0,0,0,0,0,0,0,0,0,0,0,0,0,3,0,0,1,1,1,1,1,1,6,6,6,6,6,6,2,2,2,2,2,2,2,2,2,2,2,2,2,2,2,2,2,2,2,2,2,2,2,2,2,2,2,2,2,2,2,2,2,2,5,5,0,0,0,0,1,1,1,1,1,1,1,1,0,0,0,0,0,0,0,0,0,0,0,0,0,0,1,1,1,1,0,0,0,0,0,0,0,0,0,0,0,0,0,0,0,0,0,0,0,0,0,0,0,0,0,0,3,3,0,0,0,0,10,10,11,11,0,0,0,0,0,0,0,0,1,1,1,1,0,1,0,0,0,0,0,0,0,0,0,0,0,0,0,0,0,0,0,0,0,0,0,0,0,0,0,0,0,0,0,0,0,0,0,0,0,0,0,0,0,0,0,0,0,0,0,0,0,0,0,0,0,0,0,0,0,0,0,0,0,0,0,0,0,0,0,0,0,0,0,0,0,0,0,0,0,0,0,0,0,0,0,0,0,0,0,0,0,0,0,0,0,0,0,0,0,0,0,0,1,1,0,0,0,0,0,0,0,0,0,0,0,0,0,0,0,0,0,0,0,0,0,0,0,0,0,0,0,0,0,0,0,0,0,0,0,0,0,0,1,1,5,5,5,5,7,7,0,0,0,0,0,0,0,0,0,0,0,0,0,0,0,0,0,0,0,0,0,0,0,0,0,0,0,0,0,0,0,0,0,0,0,0,0,0,0,0,0,0,0,0,0,0,0,0,0,0,0,0,0,0,0,0,2,2,2,2,2,2,0,0,0,0,0,0,0,0,0,0,0,0,0,0,0,0,0,0,0,0,0,0,0,0,0,0,0,0,0,0,0,0,0,0,0,0,0,0,0,0,0,0,0,0,0,0,0,0,0,0,0,0,0,0,0,0,0,0,0,0,0,0,0,0,0,0,0,0,0,0,0,0,0,0,0,0,0,0,0,0,0,0,0,0,0,0,0,0,0,0,0,0,0,0,0,0,0,0,0,0,0,0,0,0,0,0,0,0,0,0,0,0,1,1,1,1,1,1,2,2,2,2,2,2,2,2,0,0,0,0,0,0,0,0,0,0,0,0,0,0,0,0,0,0,0,0,0,0,0,0,0,0,0,0,0,0,0,0,0,0,0,0,0,0,0,0,0,0,0,0,0,0,0,0,0,0,0,0,0,0,0,0,0,0,0,0,0,0,0,0,0,0,0,0,0,0,0,0,0,0,0,0,0,0,0,0,0,0,0,0,0,0,0,0,0,0,0,0,0,0,0,0,0,0,0,0,0,0,0,0,0,0,0,0,0,0,0,0,1,1,1,1,25,25,5,5,0,0,0,0,0,0,0,0,0,0,0,0,0,0,0,0,0,0,0,0,0,0,0,0,0,0,0,0,1,1,1,1,1,1,1,1,1,1,0,0,0,0,0,0,0,0,0,0,0,0,0,0,0,0,0,0,0,0,0,0,0,0,0,0,0,0,0,0,0,0,0,0,0,0,0,0,0,0,0,0,0,0,0,0,0,0,0,0,0,0,0,0,0,0,0,0,0,0,0,0,0,0,0,0,0,0,0,0,0,0,0,0,0,0,0,0,0,0,3,3,0,0,0,0,0,0,0,0,0,0,0,0,1,0,0,0,0,0,0,0,0,0,4,4,0,0,0,0,0,0,0,0,0,0,0,0,0,0,0,0,5,5,0,0,0,0,0,0,0,0,0,0,0,0,0,0,0,0,0,0,0,0,0,0,0,0,0,0,2,2,0,0,0,0,0,0,0,0,0,0,0,0,0,0,0,0,0,0,0,0,0,0,0,0,0,0,0,0,0,0,0,0,0,0,0,0,0,0,0,0,0,0,0,0,1,1,1,1,0,0,0,0,0,0,0,0,0,0,0,0,18,18,0,0,0,0,0,0,0,0,0,0,0,0,0,0,0,0,0,0,0,0,9,9,27,27,0,0,0,0,0,0,0,0,0,0,0,0,0,0,0,0,0,0,0,0,0,0,0,0,0,0,0,0,0,0,0,0,0,0,0,0,0,0,0,0,0,0,0,0,0,0,0,0,0,0,0,0,0,0,0,0,0,0,0,0,0,0,0,0,0,0,0,0,0,0,0,0,0,0,0,0,0,0,0,0,0,0,0,0,0,0,0,0,0,0,0,0,0,0,0,0,0,0,0,0,0,0,1,1,0,0,0,0,0,0,0,0,0,0,0,0,0,0,0,0,0,0,0,0,0,0,0,0,0,0,0,0,0,0,0,0,0,0,5,0,0,0,0,0,0,0,0,0,0,0,0,0,0,0,0,0,0,0,0,0,0,0,0,0,0,0,0,0,0,0,0,0,0,0,0,0,0,0,0,0,0,0,0,0,0,0,0,0,0,0,0,0,0,0,0,0,0,0,0,0,0,0,0,0,0,0,0,0,0,0,0,0,0,0,0,0,0,0,0,0,0,0,0,0,0,0,0,0,0,0,0,0,0,0,0,0,0,0,0,0,0,0,0,0,0,0,0,0,0,0,0,0,0,0,0,0,0,0,0,0,0,0,0,0,0,0,0,0,0,0,0,0,0,0,0,0,0,0,0,0,0,0,0,0,0,0,0
B1,Tiếp nhận - chuyển xử lý,0,0,0,0,0,0,0,0,0,0,0,0,0,0,0,0,0,0,0,0,0,0,0,0,0,0,0,0,0,0,0,0,0,0,0,0,0,0,0,0,0,0,0,0,0,0,0,0,0,0,0,0,0,0,0,0,0,0,0,0,0,0,0,0,0,0,0,0,0,0,0,0,0,0,0,0,0,0,0,0,0,0,0,0,0,0,0,0,0,0,0,0,0,0,0,1,1,0,0,16,16,0,0,5,1,0,0,0,0,0,0,6,6,0,0,0,0,2,2,2,2,2,2,2,2,3,3,3,3,2,2,2,2,2,2,3,3,3,3,3,3,3,3,0,0,0,0,1,0,0,0,0,0,0,0,0,0,0,0,0,0,1,0,0,0,0,0,0,0,0,0,0,0,0,0,0,0,0,0,0,0,0,0,0,0,0,0,0,0,2,1,1,1,1,1,1,1,3,3,3,3,2,2,2,2,2,2,1,1,1,1,1,1,6,6,0,0,0,0,0,0,0,0,1,1,1,1,2,2,0,0,0,0,0,0,0,1,2,2,0,0,2,2,0,0,0,0,0,0,2,2,0,0,2,2,0,0,0,0,0,0,11,11,1,1,1,1,0,0,0,0,2,2,3,3,0,0,0,0,0,0,1,1,1,1,0,0,0,0,0,0,0,0,9,9,0,0,0,0,0,0,2,2,0,0,0,0,2,2,1,1,1,1,0,0,3,3,0,0,3,3,0,0,0,0,0,0,3,3,5,5,3,3,4,4,3,3,3,3,0,0,2,2,0,0,1,7,0,0,0,0,0,0,0,0,0,0,0,0,0,0,0,0,0,0,0,0,0,0,0,0,0,0,6,6,1,1,0,0,1,1,3,3,0,0,0,0,0,0,0,0,7,7,0,0,0,0,3,3,12,12,0,0,0,0,6,6,6,6,6,6,0,0,0,0,0,0,0,0,0,0,5,5,0,0,2,2,2,2,0,0,0,0,10,10,0,0,0,0,0,0,0,0,0,0,0,0,7,7,0,0,0,0,0,1,3,3,3,3,5,5,0,0,5,5,0,0,5,5,0,0,2,2,2,2,2,2,2,2,2,2,2,2,0,0,0,0,3,3,3,3,7,7,7,7,0,0,0,0,6,6,6,6,0,0,0,0,1,1,1,1,0,0,0,0,1,1,1,1,0,0,0,0,0,0,0,0,0,0,0,8,0,0,0,0,0,0,0,0,0,0,0,0,0,0,0,0,5,5,5,5,1,1,1,1,0,0,0,0,0,0,0,0,1,1,1,1,0,0,1,0,4,4,4,4,5,5,5,5,1,1,1,1,1,1,1,1,2,2,2,2,0,0,0,0,0,0,0,0,0,0,2,2,2,2,2,2,0,0,0,0,0,0,2,2,2,2,2,2,0,0,0,0,0,0,0,0,0,0,0,0,7,7,0,0,0,0,1,1,1,1,4,4,4,4,12,12,12,12,4,4,4,4,0,0,0,0,3,3,3,3,0,0,0,0,0,0,1,1,1,1,11,11,11,11,1,1,1,1,9,9,9,9,9,9,3,3,3,1,0,0,0,0,9,9,0,0,0,0,2,2,2,2,0,0,0,0,8,8,8,8,2,2,2,2,5,5,0,0,0,0,0,0,4,4,7,7,0,0,0,0,3,3,3,3,3,4,4,4,2,2,2,2,1,1,1,1,4,4,4,4,7,7,0,0,0,0,0,0,0,0,0,0,0,0,10,10,0,0,9,9,3,3,2,2,0,0,8,8,8,8,8,8,0,0,0,0,0,0,8,8,8,8,10,10,10,10,2,2,2,2,3,3,5,5,5,5,6,6,6,6,3,3,3,3,3,3,3,3,10,10,12,12,10,10,10,10,11,1,6,6,6,6,9,9,0,0,0,0,0,0,0,0,5,5,8,8,2,2,3,3,7,7,0,0,18,18,4,4,1,1,0,0,0,0,0,0,5,5,0,0,0,0,0,0,0,0,0,0,5,5,5,5,6,6,9,9,0,0,0,0,0,0,10,10,0,0,0,1,0,0,0,0,0,0,0,0,2,2,0,0,0,0,1,1,0,0,7,7,2,2,2,2,1,1,1,1,6,6,1,1,6,6,1,1,5,5,1,1,4,4,1,0,6,6,0,0,10,10,1,1,0,0,4,4,4,4,4,4,8,8,8,8,12,12,12,12,9,9,6,6,17,17,0,0,0,0,0,0,4,4,13,13,0,0,0,0,0,0,0,0,14,14,0,0,0,0,5,5,1,5,5,5,1,1,1,1,4,4,2,2,11,11,0,0,0,0,0,0,4,4,4,4,0,0,0,0,11,11,11,11,11,11,17,17,0,0,0,0,0,0,0,0,6,6,0,0,0,0,0,0,2,2,2,2,2,2,5,7,7,7,5,5,0,0,0,0,2,2,2,2,3,3,3,3,1,1,0,0,0,0,0,0,0,0,0,0,4,4,4,4,5,5,5,5,5,5,1,1,1,1,3,3,3,3,3,3,6,6,1,6,3,3,3,3,3,3,0,0,0,0,0,0,0,0,0,0,0,0,0,0,0,0,1,1,1,1,1,1,1,1,1,1,1,1,1,1,1,1,1,1,1,1,1,1,1,1,1,1,1,1,1,1,1,1,1
B2,Xử lý,15,23,22,24,22,22,22,22,22,22,22,22,22,22,22,14,14,16,16,18,16,16,16,14,14,11,11,16,16,16,16,16,16,17,17,17,17,17,17,17,17,17,17,17,17,17,17,17,17,17,17,17,17,17,17,17,17,17,17,17,17,17,17,16,16,16,16,16,16,20,20,15,15,17,17,13,13,14,14,14,14,15,15,13,13,15,15,16,16,15,15,13,13,10,10,10,10,9,9,9,9,23,23,23,27,27,37,37,37,30,30,26,26,32,32,31,31,22,22,22,22,22,22,22,22,27,27,12,12,12,12,11,11,11,11,14,16,14,15,14,14,15,15,20,20,22,22,4,10,16,16,16,16,12,12,12,12,14,14,14,14,4,19,17,17,16,16,15,15,16,16,15,15,15,15,15,15,15,15,10,10,11,11,10,10,9,9,9,9,13,14,14,14,11,11,11,11,11,11,11,11,11,11,11,11,11,11,14,14,10,10,10,10,9,9,22,22,24,24,24,24,18,18,21,21,21,21,17,17,20,20,19,19,19,19,23,4,19,19,15,15,13,13,14,14,14,14,11,11,10,10,8,8,9,9,10,10,8,8,7,7,3,3,12,12,12,12,16,16,16,16,16,16,11,11,14,14,19,19,21,21,21,21,20,20,19,19,19,19,14,14,10,10,9,9,29,29,26,26,28,28,28,28,27,27,27,27,10,10,11,11,4,4,6,6,5,5,8,8,5,5,8,8,9,9,9,9,9,9,5,5,8,8,8,8,9,9,7,7,10,10,8,8,10,10,4,6,16,16,12,12,3,3,3,3,0,0,6,6,6,6,6,6,4,4,8,8,8,8,8,8,7,7,2,2,7,7,6,6,6,6,6,6,9,9,8,8,8,8,9,9,8,8,16,16,21,21,9,9,11,11,23,23,23,23,18,18,15,15,20,20,15,15,15,15,15,15,19,19,15,15,15,12,14,14,14,14,9,9,11,11,9,9,9,9,18,18,18,18,15,15,15,15,15,15,11,11,11,11,18,18,18,18,14,4,14,14,14,14,17,17,13,13,13,13,18,18,13,13,12,12,12,12,12,12,14,14,9,9,9,9,8,8,19,19,17,17,15,15,14,14,17,17,12,12,19,19,4,4,4,4,4,4,10,10,10,10,9,9,9,9,10,10,9,9,13,13,13,13,14,14,8,8,10,10,10,10,10,10,8,8,20,20,20,20,20,20,17,17,17,17,15,15,18,18,18,18,18,18,18,18,23,23,20,20,21,21,21,21,29,29,20,20,20,20,16,16,17,17,4,17,17,17,14,14,15,15,13,13,17,17,7,7,12,12,12,12,13,13,10,10,12,12,8,8,8,8,6,6,6,6,14,14,13,13,12,12,17,17,17,17,15,15,15,15,12,12,12,12,14,14,14,14,14,14,14,14,14,14,14,14,14,14,21,21,16,16,16,16,16,16,17,17,15,15,19,19,15,15,23,23,22,22,26,26,23,23,22,22,21,21,24,24,24,24,20,20,20,20,16,16,16,16,16,16,27,27,4,26,27,27,23,23,23,23,32,32,29,4,32,32,27,27,27,27,35,34,34,34,34,34,23,23,25,25,23,23,22,22,7,7,15,15,15,15,17,17,22,22,19,19,19,19,17,17,17,17,24,24,17,17,10,10,10,10,10,10,10,10,13,13,13,13,12,12,12,12,12,12,12,12,12,12,18,18,18,18,10,10,10,10,8,8,8,8,8,8,13,13,13,13,19,19,17,17,19,19,19,19,8,8,8,8,16,16,16,16,12,12,12,12,12,12,9,9,9,9,13,13,15,15,15,15,15,15,12,12,14,14,4,4,7,7,7,7,7,7,6,6,5,5,4,4,8,8,8,8,8,18,15,15,11,11,17,17,24,24,24,24,16,16,16,16,6,6,9,9,9,9,9,9,2,2,9,9,9,9,24,24,23,23,24,24,8,8,12,12,11,11,15,15,21,21,19,19,10,10,12,12,36,36,36,36,26,26,22,22,25,25,25,25,19,19,17,17,25,25,21,4,26,26,16,16,16,16,8,8,28,28,31,31,29,29,36,36,30,30,28,28,28,28,28,28,26,26,18,18,17,17,13,13,13,13,11,11,11,11,8,8,12,12,4,14,23,23,11,11,11,11,19,19,12,12,8,8,8,8,8,8,12,12,6,6,15,15,9,9,13,13,8,8,4,4,21,21,21,21,14,14,26,26,24,24,33,33,33,33,26,26,26,26,26,26,25,25,20,20,20,20,4,20,20,20,25,25,10,10,10,10,6,6,12,12,19,19,15,15,11,11,10,10,10,10,14,14,11,11,10,10,8,8,6,6,16,16,18,18,18,18,5,5,4,4,4,4,6,6,6,6,6,6,6,6,4,4,4,4,6,4,4,4,3,3,8,8,4,4,4,4,4,4,6,6,5,5,8,8,9,9,6,6,6,6,6,6,4,4,4,4,4,4,2,2,2,2,2,2,7,7,1,1,2,2,2,2,2,2,5,5,4,5,10,10,10,10,6,6,9,9,8,8,8,8,8,8,7,7,4,4,4,4,4,4,4,4,4,4,4,4,4,4,4,4,4,4,4,4,4,4,4,4,4,4,4,4,4,4,4,4,4,4,4,4,4,4,4
B3,Kết quả xử lý,0,0,0,0,0,0,0,0,0,0,0,0,0,0,0,2,2,0,0,0,0,0,0,0,0,0,0,0,0,0,0,0,0,0,0,0,0,0,0,0,0,0,0,0,0,0,0,0,0,0,0,0,0,0,0,0,0,0,0,0,0,0,0,0,0,0,0,0,0,0,0,6,6,0,0,1,1,0,0,0,0,0,0,0,0,0,0,0,0,0,0,0,0,0,0,0,0,0,0,0,0,0,0,0,0,0,0,0,0,0,0,0,0,0,0,0,0,0,0,0,0,0,0,0,0,0,0,0,0,0,0,0,0,0,0,0,0,0,0,0,0,0,0,0,0,0,0,0,0,0,0,0,0,0,0,0,0,0,0,0,0,0,0,0,0,0,0,0,0,0,0,0,0,0,0,0,0,0,0,0,0,0,0,0,0,0,0,0,0,0,0,0,0,0,0,0,0,0,0,0,0,0,0,0,0,0,0,0,0,0,0,0,0,0,0,0,0,0,0,0,0,0,0,0,0,0,0,0,0,0,0,0,0,0,0,0,0,0,0,0,0,0,0,0,0,0,0,0,0,0,0,0,0,0,0,0,0,0,0,0,0,0,0,0,0,0,0,0,0,0,0,0,0,0,0,0,0,0,0,0,0,0,0,0,0,0,0,0,0,0,0,0,0,0,0,0,0,0,0,0,0,0,0,0,0,0,0,0,0,0,0,0,0,0,0,0,0,0,0,0,0,0,0,0,0,0,0,0,0,0,0,0,0,0,0,0,0,0,0,0,0,0,0,0,0,0,0,0,0,0,0,0,0,0,0,0,0,0,0,0,0,0,0,0,0,0,0,0,0,0,0,0,0,0,0,0,0,0,0,0,0,0,0,0,0,0,0,0,0,0,0,0,0,0,0,0,0,4,4,0,0,0,0,0,0,0,0,0,0,0,0,0,0,0,0,0,0,0,0,0,0,0,0,0,0,0,0,0,0,0,0,0,0,0,0,0,0,0,0,0,0,0,0,0,0,0,0,0,0,0,0,0,0,0,0,0,0,0,0,0,0,0,0,0,0,0,0,0,0,0,0,0,0,0,0,0,0,0,0,0,0,0,0,0,0,0,0,0,0,0,0,0,0,0,0,0,0,0,0,0,0,0,0,0,0,0,0,0,0,0,0,0,0,0,0,0,0,0,0,0,0,0,0,0,0,0,0,0,0,0,0,0,0,0,0,0,0,0,0,0,0,0,0,0,0,0,0,0,0,0,0,0,0,0,0,0,0,0,0,0,0,0,0,0,0,0,0,0,0,0,0,0,0,0,0,0,0,0,0,0,0,0,0,0,0,0,0,0,0,0,0,0,0,0,0,0,0,0,0,0,0,0,0,0,0,0,0,0,0,0,0,0,0,0,0,0,0,0,0,0,0,0,0,0,0,0,0,0,0,0,0,0,0,0,0,0,0,0,0,0,0,0,0,0,0,0,0,0,0,0,0,0,0,0,0,0,0,0,0,0,0,0,0,0,0,0,0,0,0,0,0,0,0,0,0,0,0,0,0,0,0,0,0,0,0,0,0,0,0,0,0,0,0,0,0,0,0,0,0,0,0,0,0,0,0,0,0,0,0,0,0,0,0,0,0,0,0,0,0,0,0,0,0,0,0,0,0,0,0,0,0,0,0,0,0,0,0,0,0,0,0,0,0,0,0,0,0,0,0,0,0,0,0,0,0,0,0,0,0,0,0,0,0,0,0,0,0,0,0,0,0,0,0,0,0,0,0,0,0,0,0,0,0,0,0,0,0,0,0,0,0,0,0,0,0,0,0,0,0,0,0,0,0,0,0,0,0,0,0,0,0,0,0,0,0,0,0,0,0,0,0,0,0,0,0,0,0,0,0,0,0,0,0,0,0,0,0,0,0,0,0,0,0,0,0,0,0,0,0,0,0,0,0,0,0,0,0,0,0,0,0,0,0,0,0,0,0,0,0,0,0,0,0,0,0,0,0,0,0,0,0,0,0,0,0,0,0,0,0,0,0,0,0,0,0,0,0,0,0,0,0,0,0,0,0,0,0,0,0,0,0,0,0,0,0,0,0,0,0,0,0,0,0,0,0,0,0,0,0,0,0,0,0,0,0,0,0,0,0,0,0,0,0,0,0,0,0,0,0,0,0,0,0,0,0,0,0,0,0,0,0,0,0,0,0,0,0,0,0,0,0,0,0,0,0,0,0,0,0,0,0,0,0,0,0,0,0,0,0,0,0,0,0,0,0,0,0,0,0,0,0,0,0,0,0,0,0,0,0,0,0,0,0,0,0,0,0,0,0,0,0,0,0,0,0,0,0,0,0,0,0,0,0,0,0,0,0,0,0,0,0,0,0,0,0,0,0,0,0,0,0,0,0,0,0,0,0,0,0,0,0,0,0,0,0,0,0,0,0,0,0,0,0,0,0,0,0,0,0,0,0,0,0,0,0,0,0,0,0,0,0,0,0,0,0,0,0,0,0,0,0,0,0,0,0,0,0,0,0,0,0,0,0,0,0,0,0,0,0,0,0,0,0,0,0,0,0,0,0,0,0,0,0,0,0,0,0,0,0,0,0,0,0,0,0,0,0,0,0,0,0,0,0,0,0,0,0,0,0,0,0,0,0,0,0,0
B4,Xử lý dài hạn > 2 tháng,0,0,1,1,1,1,1,1,1,1,1,1,1,1,1,1,1,1,1,1,1,1,1,1,1,1,1,1,1,1,1,1,1,1,1,1,1,1,1,1,1,1,1,1,1,1,1,1,1,1,1,1,1,1,1,1,1,1,1,1,1,1,1,1,1,1,1,1,1,1,1,1,1,1,1,1,1,1,1,1,1,1,1,1,1,1,1,1,1,1,1,1,1,1,1,1,1,1,1,1,1,1,1,1,1,1,1,1,1,1,1,1,1,1,1,1,1,1,1,1,1,1,1,1,1,1,1,1,1,1,1,1,1,1,1,1,1,1,1,1,1,1,1,1,1,1,1,1,1,1,1,1,1,1,1,1,1,1,1,1,1,1,1,1,1,1,1,1,1,1,1,1,1,1,1,1,1,1,1,2,2,2,2,2,2,2,2,2,2,2,2,2,2,2,2,2,2,2,2,2,2,2,2,2,2,2,2,2,2,2,2,2,2,2,2,2,2,2,2,2,2,4,4,4,4,4,4,3,3,3,3,3,3,3,3,3,1,2,2,2,2,2,2,2,2,2,2,2,2,2,2,2,2,2,2,2,2,2,2,2,2,3,3,3,3,3,3,3,3,3,3,3,3,3,3,3,3,3,3,3,3,3,3,3,3,3,3,3,3,0,0,0,0,0,0,0,0,0,0,0,0,0,0,0,0,0,0,0,0,0,0,0,0,0,0,0,0,0,0,0,0,0,0,0,0,0,0,0,0,0,0,0,0,0,0,0,0,0,0,0,0,0,0,0,0,1,0,0,0,0,0,0,0,0,0,0,0,0,0,0,0,0,0,0,0,0,0,0,0,0,0,0,0,0,0,0,0,0,0,0,0,0,0,0,0,0,0,0,0,0,0,0,0,0,0,0,0,5,5,5,5,5,5,5,5,5,5,5,5,5,5,5,5,5,5,5,5,5,5,5,5,5,8,8,8,8,8,8,8,8,8,8,8,8,8,8,8,8,8,8,8,8,8,8,8,0,0,0,0,0,0,0,0,0,1,0,0,0,0,0,0,0,0,0,0,0,0,0,0,0,0,0,0,0,0,0,0,0,0,0,0,0,0,0,0,0,0,0,0,0,0,0,0,0,0,0,0,0,0,0,0,0,0,0,0,0,0,0,0,0,0,0,0,0,0,0,0,0,0,0,0,0,0,0,0,0,0,0,0,0,0,0,0,0,0,0,0,0,0,0,0,0,0,0,0,0,0,0,0,0,0,0,0,1,1,1,1,1,1,1,1,1,1,1,1,1,1,1,1,1,1,1,1,1,1,1,1,1,1,1,1,1,1,1,1,1,1,1,1,1,1,1,1,1,1,1,1,1,1,1,1,1,1,6,6,6,6,6,6,6,6,6,6,6,6,6,6,6,6,6,6,6,6,6,6,6,6,6,6,6,6,6,6,6,6,6,6,6,6,6,6,6,6,6,6,6,6,6,6,6,6,5,5,5,5,5,5,5,5,5,5,5,5,5,5,5,5,5,5,5,5,5,5,5,5,5,5,1,5,5,5,5,5,5,5,5,5,5,1,5,5,5,5,5,5,5,5,5,5,5,5,5,5,5,5,5,5,5,5,5,5,5,5,5,5,5,5,5,5,5,5,5,5,5,5,5,5,5,5,5,5,4,4,4,4,5,5,5,5,5,5,5,5,5,5,5,5,5,5,5,5,5,5,1,1,1,1,1,1,1,1,1,1,1,1,1,1,1,1,1,1,1,1,1,1,1,1,1,1,1,1,1,1,1,1,1,1,1,1,1,1,1,1,1,1,1,1,1,1,1,1,1,1,1,1,1,1,1,1,1,1,1,1,1,1,1,1,1,1,1,1,1,1,1,1,1,1,1,1,1,1,1,1,0,0,0,0,0,0,0,0,0,0,0,0,0,0,0,0,0,0,0,0,0,0,0,0,0,0,0,0,0,0,0,0,0,0,0,0,0,0,0,0,0,0,0,0,0,0,0,0,0,0,0,0,0,0,0,0,0,0,0,0,0,0,0,0,0,1,0,0,0,0,0,0,0,0,0,0,0,0,0,0,0,0,0,0,0,0,0,0,0,0,0,0,0,0,0,0,0,0,0,0,0,0,0,0,0,0,0,0,1,0,0,0,0,0,0,0,0,0,0,0,0,0,0,0,0,0,0,0,0,0,0,0,0,0,0,0,0,0,0,0,0,0,0,0,0,0,0,0,0,0,0,0,0,0,0,0,0,0,0,0,0,0,0,0,0,0,1,0,0,0,0,0,0,0,0,0,0,0,0,0,0,0,0,0,0,0,0,0,0,0,0,0,0,0,0,0,0,0,0,0,0,0,4,4,4,4,4,4,0,0,0,0,0,0,0,0,0,0,0,0,0,0,0,0,0,0,0,0,0,0,0,0,0,0,0,0,0,0,0,0,0,0,0,0,0,0,0,0,0,0,0,0,0,0,1,1,1,1,1,1,1,1,1,1,1,1,1,1,1,1,1,1,1,1,1,1,1,1,1,1,1,1,1,1,1,1,1,1,1,1,1,1,1,1,1,1,1,1,1,1,1,1,1,1,1,1,1,1,1,1,1,1,1,1,1,1,1,1,1,1,1,1,1,1,1,1,1,1,1,1,1,1,1
C1,Kiểm tra trước trả khách,6,4,4,2,0,0,0,0,0,0,0,0,0,0,0,4,4,3,3,0,0,0,0,2,2,5,5,1,1,1,1,1,1,1,1,1,1,1,1,1,1,1,1,1,1,1,1,1,1,1,1,1,1,1,1,1,1,1,1,1,1,1,1,0,0,0,0,0,0,2,2,0,0,1,1,3,3,3,3,0,0,0,0,0,0,0,0,0,0,0,0,0,0,3,3,3,3,0,0,0,0,0,0,0,0,1,1,1,1,0,0,0,0,3,3,3,3,9,9,3,3,3,3,3,3,3,3,18,18,17,17,16,16,0,0,1,1,1,0,1,1,1,1,0,0,0,0,0,0,1,1,1,1,5,5,5,5,0,0,0,0,0,0,2,2,3,3,4,4,4,4,5,5,1,1,1,1,1,1,6,6,1,1,2,2,3,3,0,0,0,0,0,0,3,3,3,3,3,0,0,0,0,0,0,0,2,2,2,2,0,0,0,0,0,0,2,2,2,2,0,0,0,0,0,0,0,0,5,5,5,5,6,6,6,6,6,0,10,10,16,16,0,0,1,1,1,1,3,3,5,5,9,9,4,4,5,5,0,0,1,1,5,5,5,5,5,5,3,3,3,3,3,3,8,8,0,0,1,1,2,2,2,2,4,4,6,6,6,6,10,10,8,8,8,8,0,0,3,3,4,4,5,5,1,1,1,1,12,12,5,5,2,2,2,2,2,2,1,1,5,5,5,5,0,0,0,0,0,0,2,2,0,0,0,0,1,1,2,2,0,0,0,0,0,0,0,4,0,0,0,0,0,0,0,0,3,3,0,0,0,0,0,0,0,0,0,0,0,0,0,0,0,0,3,3,0,0,2,2,0,0,0,0,0,0,0,0,0,0,0,0,0,0,0,0,0,0,0,0,0,0,0,0,0,0,5,4,7,7,0,0,11,11,0,0,0,0,0,0,4,4,0,0,3,3,1,1,6,6,1,1,3,3,0,0,0,0,0,0,3,3,0,0,0,0,12,12,0,0,0,0,0,0,4,0,0,0,0,0,0,0,9,9,10,10,10,10,0,0,2,2,0,0,0,0,0,0,5,5,5,5,6,6,0,0,2,2,0,0,1,1,0,0,5,5,0,0,15,15,4,4,4,4,0,0,0,0,0,0,0,0,0,0,1,1,1,1,1,1,0,0,6,6,0,0,0,0,0,0,2,2,0,0,0,0,0,0,3,3,0,0,2,2,0,0,0,0,0,0,0,0,0,0,2,2,0,0,0,0,0,0,9,9,0,0,4,4,0,0,0,0,0,0,3,3,0,0,2,2,0,0,10,10,0,0,0,0,0,0,3,3,0,0,4,4,0,0,2,2,0,0,0,0,0,0,1,1,0,0,0,0,2,2,0,0,3,3,0,0,0,0,0,0,0,0,0,0,0,0,0,0,0,0,0,0,5,5,0,0,0,0,0,0,2,2,0,0,4,4,0,0,2,2,0,0,3,3,0,0,1,1,0,0,0,0,4,4,0,0,4,4,0,0,0,0,0,0,0,1,0,0,4,4,4,4,0,0,3,0,0,0,5,5,0,0,0,0,0,0,0,0,11,11,0,0,2,2,0,0,15,15,0,0,0,0,0,0,0,0,3,3,2,2,0,0,0,0,0,0,7,7,0,0,0,0,0,0,0,0,0,0,0,0,2,2,0,0,0,0,0,0,0,0,5,5,0,0,3,3,0,0,2,2,0,0,0,0,7,4,0,0,0,0,3,3,3,3,3,3,17,17,0,0,0,0,0,0,4,4,4,4,0,0,3,3,3,3,6,6,2,2,0,0,0,0,3,3,0,0,10,10,0,0,0,0,0,0,1,1,1,1,1,1,1,1,1,1,0,0,0,0,3,3,0,0,2,2,0,0,8,8,0,0,0,0,0,0,1,1,0,0,0,0,0,0,0,0,3,3,8,8,0,0,16,16,16,16,14,14,15,15,13,13,0,0,0,0,0,0,0,0,0,0,0,0,2,2,1,1,1,1,6,6,1,1,1,1,5,0,0,0,1,1,1,1,9,9,0,0,0,0,2,2,0,0,6,6,0,0,0,0,0,0,7,7,13,13,0,0,7,7,0,0,3,3,0,0,6,6,0,0,0,2,0,0,18,18,0,0,0,0,8,8,0,0,0,0,0,0,0,0,6,6,0,0,6,6,6,6,12,12,0,0,0,0,0,0,7,7,0,0,0,0,5,5,0,0,0,0,0,0,0,0,1,1,6,6,0,0,0,0,0,0,0,0,15,15,0,0,6,6,0,0,0,0,4,4,8,8,0,0,0,0,0,0,3,3,0,0,2,2,4,4,0,0,11,11,11,11,24,24,5,5,0,0,4,4,0,0,0,0,0,0,2,2,2,2,0,0,0,0,3,3,0,0,4,4,0,0,0,0,0,0,1,1,1,0,0,0,3,3,3,3,3,3,5,5,0,0,0,0,0,0,0,0,0,0,0,0,6,6,0,0,0,0,0,0,0,0,0,0,0,0,0,0,4,5,0,0,1,1,0,0,0,0,1,1,4,4,4,4,4,4,0,0,0,0,0,0,0,0,0,0,0,0,0,0,0,0,0,0,0,0,0,0,0,0,0,0,0,0,0,0,0,0,0
C2,PASS - xuất phiếu trả,8,0,0,0,2,2,2,2,2,2,2,2,2,2,2,0,0,1,1,0,0,3,3,4,4,4,4,0,0,0,0,0,0,0,1,1,1,1,1,1,1,1,1,1,1,1,1,1,1,1,1,1,1,1,1,1,1,1,1,1,1,1,1,3,3,3,3,2,2,3,3,0,0,0,0,0,0,0,0,1,1,0,0,0,0,0,0,2,2,4,4,1,1,1,1,1,1,5,5,1,1,0,0,0,0,0,0,0,0,0,0,6,6,6,6,6,6,6,6,12,12,6,6,6,6,6,6,6,6,6,6,6,6,16,16,0,2,0,0,0,0,0,0,0,0,0,0,5,0,0,0,0,0,0,0,0,0,0,0,0,0,5,0,0,0,0,0,0,0,0,0,0,0,5,5,5,5,0,0,0,0,6,6,2,2,2,2,6,6,0,0,0,0,0,0,0,0,0,3,3,3,0,0,0,0,0,0,0,0,0,0,0,0,0,0,0,0,0,0,3,3,2,2,2,2,2,2,2,2,2,2,3,3,3,3,3,5,0,0,0,0,18,18,0,0,0,0,1,1,2,2,1,1,9,9,0,0,7,7,0,0,0,0,0,0,0,0,1,1,1,1,3,3,3,3,6,6,0,0,0,0,0,0,0,0,0,0,0,0,3,3,8,8,8,8,0,0,0,0,0,0,0,0,6,6,7,7,8,8,15,15,21,21,0,0,1,1,0,0,1,1,1,1,5,5,0,0,0,0,2,2,5,5,0,0,1,1,2,2,4,4,6,6,0,0,5,0,3,3,2,2,9,9,0,0,0,0,3,3,0,0,0,0,0,0,0,0,0,0,0,0,0,0,1,1,0,0,0,0,0,0,0,0,0,0,0,0,0,0,0,0,0,0,0,0,0,0,0,0,0,0,0,0,0,0,4,0,0,0,0,0,0,0,0,0,0,0,0,0,0,0,0,0,0,0,0,0,0,0,0,0,0,0,0,0,0,0,0,0,0,0,0,0,0,0,0,0,0,0,0,0,0,0,0,5,5,5,5,5,5,0,0,0,0,0,0,0,0,0,0,0,0,0,0,0,0,0,0,0,0,0,0,0,0,0,0,0,0,0,0,0,1,1,1,1,0,0,0,0,13,13,13,13,0,0,0,0,0,0,0,0,0,0,0,0,0,0,0,0,0,0,0,0,0,0,0,0,0,0,0,0,0,0,0,0,0,0,0,0,0,0,0,0,0,0,0,0,0,0,0,0,0,0,0,0,0,0,0,0,0,0,0,0,0,0,0,0,0,0,5,0,0,0,0,0,0,0,0,0,0,0,0,0,0,0,0,0,0,0,0,0,0,0,0,0,3,3,3,3,5,5,0,0,0,0,0,0,0,0,0,0,0,0,0,0,0,0,0,0,0,0,0,0,0,0,0,0,2,2,2,2,2,2,2,2,0,0,0,0,0,0,0,0,0,0,3,3,3,3,0,0,0,0,0,0,0,0,0,0,0,0,0,0,0,0,0,0,0,0,0,0,0,0,0,0,0,0,5,0,0,0,0,0,0,0,0,0,0,5,0,0,0,0,0,0,0,0,0,0,0,0,0,0,0,0,0,0,6,6,6,6,0,0,0,0,0,0,0,0,0,0,1,1,0,0,0,0,0,0,0,0,0,0,0,0,0,0,0,0,0,0,0,0,0,0,1,1,0,0,0,0,0,0,0,0,6,6,0,0,0,0,0,0,0,0,0,0,0,0,0,0,0,0,0,0,0,0,0,0,0,0,17,17,0,0,0,0,0,0,0,0,4,4,0,0,0,0,0,0,0,0,0,0,0,0,0,0,0,0,0,0,10,10,0,0,0,0,0,0,0,0,0,0,0,0,0,0,0,0,0,0,0,0,0,0,0,0,0,0,0,0,0,0,2,2,0,0,8,8,1,1,0,0,0,0,0,0,0,0,0,0,0,0,0,0,0,0,2,2,2,2,0,0,0,0,7,7,3,3,0,0,0,0,0,0,10,10,0,0,0,0,0,0,0,0,0,0,0,5,0,0,11,11,0,0,0,0,0,0,0,0,0,0,1,1,1,1,1,1,7,7,7,7,0,0,0,0,0,0,0,0,0,0,0,0,0,0,0,0,0,0,5,0,0,0,0,0,0,0,0,0,0,0,0,0,0,0,0,0,0,0,0,0,1,1,1,1,1,1,1,1,16,16,0,0,0,0,0,0,8,8,0,0,9,9,11,11,2,2,2,2,2,2,11,11,11,11,0,0,5,0,0,0,0,0,0,0,0,0,0,0,0,0,0,0,0,0,0,0,0,0,0,0,0,0,0,0,0,0,0,0,0,0,0,0,0,0,0,0,0,0,20,20,25,25,0,0,0,0,0,0,0,0,0,0,0,0,3,3,3,3,3,3,0,0,0,0,0,0,0,0,0,0,0,0,0,1,0,0,0,0,0,0,0,0,0,0,6,6,6,6,7,7,5,5,5,5,0,0,0,0,5,5,5,5,5,5,0,0,5,0,0,0,0,0,0,0,3,3,3,1,2,2,2,2,2,2,2,2,2,2,2,2,6,5,5,5,5,5,5,5,5,5,5,5,5,5,5,5,5,5,5,5,5,5,5,5,5,5,5,5,5,5,5,5,5
C3,NO PASS - liên hệ để chuyển tiếp,0,0,0,0,0,0,0,0,0,0,0,0,0,0,0,1,1,3,3,0,0,0,0,0,0,0,0,0,0,0,0,0,0,0,0,0,0,0,0,0,0,0,0,0,0,0,0,0,0,0,0,0,0,0,0,0,0,0,0,0,0,0,0,0,0,0,0,1,1,0,0,0,0,0,0,0,0,0,0,0,0,0,0,0,0,0,0,0,0,0,0,0,0,0,0,0,0,1,1,1,1,0,0,0,0,0,1,1,1,1,1,1,1,1,1,1,1,1,1,1,1,1,1,1,1,1,1,1,1,1,1,1,1,7,7,0,1,0,0,0,0,0,0,0,0,0,0,0,0,0,0,0,0,0,0,0,0,0,0,0,0,0,0,0,0,0,0,0,0,0,0,0,0,0,0,0,0,1,1,1,1,1,1,1,1,1,1,1,1,1,1,1,1,1,1,1,1,1,1,1,1,1,1,1,1,1,1,1,1,1,1,1,1,1,1,1,1,1,1,1,1,1,1,1,1,1,1,1,1,1,1,1,1,1,1,1,0,1,0,0,0,0,0,0,0,0,0,0,0,0,0,0,0,0,0,0,0,0,0,0,0,0,0,0,0,0,0,0,0,0,0,0,0,0,0,0,0,0,0,0,0,0,0,0,0,0,0,0,0,0,0,0,0,0,0,0,0,0,0,0,0,0,0,0,0,0,0,0,0,0,0,1,1,0,0,0,0,0,0,0,0,0,0,0,0,0,0,0,0,0,0,0,0,0,0,0,0,0,0,0,0,0,0,0,0,0,0,0,0,0,0,0,0,0,0,0,0,0,0,0,0,0,0,0,0,0,0,0,0,0,0,0,0,0,0,0,0,0,0,0,0,0,0,0,0,0,0,0,0,0,0,0,0,0,0,0,0,0,0,0,0,0,0,0,0,0,0,0,0,0,0,0,0,2,2,2,2,0,0,0,0,0,0,0,0,0,0,0,0,0,0,0,0,0,0,0,0,0,0,0,0,0,0,0,0,0,0,0,0,0,0,0,0,0,0,0,0,0,0,0,0,0,0,0,0,0,0,0,0,0,0,0,0,0,0,0,0,0,0,0,0,0,0,0,0,0,0,0,0,0,0,0,0,0,0,0,0,0,0,0,0,0,0,0,0,0,0,0,0,0,0,0,0,0,0,0,0,0,0,0,0,0,0,0,0,0,0,0,0,0,0,0,0,0,0,0,0,0,0,0,0,0,0,0,0,0,0,0,0,0,0,0,0,0,0,0,0,0,0,0,0,0,0,0,0,0,0,0,0,0,0,0,0,0,0,0,0,0,0,0,0,0,0,0,0,0,0,0,0,0,0,0,0,0,0,0,0,0,0,0,0,0,0,0,0,0,0,0,0,0,0,0,0,0,0,0,0,0,0,0,0,0,0,0,0,0,0,0,0,0,0,0,0,0,0,0,0,0,0,0,0,0,0,0,0,0,0,0,0,0,0,0,0,0,0,0,0,0,0,0,0,0,0,0,0,0,0,0,0,0,0,0,0,0,0,0,0,0,0,0,0,0,0,0,0,0,0,0,0,0,0,0,0,0,0,0,0,0,0,0,0,0,0,0,0,0,0,0,0,0,0,0,0,0,0,0,0,0,0,0,0,0,0,0,0,0,0,0,0,0,0,0,0,0,0,0,0,0,0,0,0,0,0,0,0,0,0,0,0,0,0,0,0,0,0,0,0,0,0,0,0,0,0,0,0,0,0,0,0,0,0,0,0,0,0,0,0,0,0,0,0,0,0,0,0,0,0,0,0,0,0,0,0,0,0,0,0,0,0,0,0,0,0,0,0,0,0,0,0,0,0,0,0,0,0,0,0,0,0,0,0,0,0,0,0,0,0,0,0,0,0,0,0,0,0,0,0,0,0,0,0,0,0,0,0,0,0,0,0,0,0,0,0,0,0,0,0,0,0,0,0,0,0,0,0,0,0,0,0,0,0,0,0,0,0,0,0,0,0,0,0,0,0,0,0,0,0,0,0,0,0,0,0,0,0,0,0,0,0,0,0,0,0,0,0,0,0,0,0,0,0,0,0,0,0,0,0,0,0,0,0,0,0,0,0,0,0,0,0,0,0,0,0,0,0,0,0,0,0,0,0,0,0,0,0,0,0,0,0,0,0,0,0,0,0,0,0,0,0,0,0,0,0,0,0,0,0,0,0,0,0,0,0,0,0,0,0,0,0,0,0,0,0,0,0,0,0,0,0,0,0,0,0,0,0,0,0,0,0,0,0,0,0,0,0,0,0,0,0,0,0,0,0,0,0,0,0,0,0,0,0,0,0,0,0,0,0,0,0,0,0,0,0,0,0,0,0,0,0,0,0,0,0,0,0,0,0,0,0,0,0,0,0,0,0,0,0,0,0,0,0,0,0,0,0,0,0,0,0,0,0,0,0,0,0,0,0,0,0,0,0,0,0,0,0,0,0,0,0,0,0,0,0,0,0,0,0,0,0,0,0,1,1,1,1,1,1,0,0,0,0,0,0,0,0,0,0,0,0,0,0,0,0,0,0,0,0,0,0,0,0,0,0,0,0,0,0,0,0,0,0,0,0,0,0,0,0,0,0,0,0,0,0,0,0,0,0,0,0,0,0,0,0,0,0,0
C4,Cần xuất phiếu thanh toán,0,0,0,0,0,0,0,0,0,0,0,0,0,0,0,0,0,0,0,0,0,0,0,0,0,0,0,0,0,0,0,0,0,0,0,0,0,0,0,0,0,0,0,0,0,0,0,0,0,0,0,0,0,0,0,0,0,0,0,0,0,0,0,0,0,0,0,0,0,0,0,0,0,0,0,0,0,0,0,0,0,0,0,0,0,0,0,0,0,0,0,0,0,0,0,0,0,0,0,0,0,0,0,0,0,0,0,0,0,0,0,0,0,0,0,0,0,0,0,0,0,0,0,0,0,0,0,0,0,0,0,0,0,0,0,0,0,0,0,0,0,0,0,0,0,0,0,0,0,0,0,0,0,0,0,0,0,0,0,0,0,0,0,0,0,0,0,0,0,0,0,0,0,0,0,0,0,0,0,0,0,0,0,0,0,0,0,0,0,0,0,0,0,0,0,0,0,0,0,0,0,0,0,0,0,0,0,0,0,0,0,0,0,0,0,0,0,0,0,0,0,0,0,0,0,0,0,0,0,0,0,0,0,0,0,0,0,0,0,0,0,0,0,0,0,0,0,0,0,0,0,0,0,0,0,0,0,0,0,0,0,0,0,0,0,0,0,0,0,0,0,0,0,0,0,0,0,0,0,0,0,0,0,0,0,0,0,0,0,0,0,0,0,0,0,0,0,0,0,0,0,0,0,0,0,0,0,0,0,0,0,0,0,0,0,0,0,0,0,0,0,0,0,0,0,0,0,0,0,0,0,0,0,0,0,0,0,0,0,0,0,0,0,0,0,0,0,0,0,0,0,0,0,0,0,0,0,0,0,0,0,0,0,0,0,0,0,0,0,0,0,0,0,0,0,0,0,0,0,0,0,0,0,0,0,0,0,0,0,0,0,0,0,0,0,0,0,0,0,0,0,0,0,0,0,0,0,0,0,0,0,0,0,0,0,0,0,0,0,0,0,0,0,0,0,0,0,0,0,0,0,0,0,0,0,0,0,0,0,0,0,0,0,0,0,0,0,0,0,0,0,0,0,0,0,0,0,0,0,0,0,0,0,0,0,0,0,0,0,0,0,0,0,0,0,0,0,0,0,0,0,0,0,0,0,0,0,0,0,0,0,0,0,0,0,0,0,0,0,0,0,0,0,0,0,0,0,0,0,0,0,0,0,0,0,0,0,0,0,0,0,0,0,0,0,0,0,0,0,0,0,0,0,0,0,0,0,0,0,0,0,0,0,0,0,0,0,0,0,0,0,0,0,0,0,0,0,0,0,0,0,0,0,0,0,0,0,0,0,0,0,0,0,0,0,0,0,0,0,0,0,0,0,0,0,0,0,0,0,0,0,0,0,0,0,0,0,0,0,0,0,0,0,0,0,0,0,0,0,0,0,0,0,0,0,0,0,0,0,0,0,0,0,0,0,0,0,0,0,0,0,0,0,0,0,0,0,0,0,0,0,0,0,0,0,0,0,0,0,0,0,0,0,0,0,0,0,0,0,0,0,0,0,0,0,0,0,0,0,0,0,0,0,0,0,0,0,0,0,0,0,0,0,0,0,0,0,0,0,0,0,0,0,0,0,0,0,0,0,0,0,0,0,0,0,0,0,0,0,0,0,0,0,0,0,0,0,0,0,0,0,0,0,0,0,0,0,0,0,0,0,0,0,0,0,0,0,0,0,0,0,0,0,0,0,0,0,0,0,0,0,0,0,0,0,0,0,0,0,0,0,0,0,0,0,0,0,0,0,0,0,0,0,0,0,0,0,0,0,0,0,0,0,0,0,0,0,0,0,0,0,0,0,0,0,0,0,0,0,0,0,0,0,0,0,0,0,0,0,0,0,0,0,0,0,0,0,0,0,0,0,0,0,0,0,0,0,0,0,0,0,0,0,0,0,0,0,0,0,0,0,0,0,0,0,0,0,0,0,0,0,0,0,0,0,0,0,0,0,0,0,0,0,0,0,0,0,0,0,0,0,0,0,0,0,0,0,0,0,0,0,0,0,0,0,0,0,0,0,0,0,0,0,0,0,0,0,0,0,0,0,0,0,0,0,0,0,0,0,0,0,0,0,0,0,0,0,0,0,0,0,0,0,0,0,0,0,0,0,0,0,0,0,0,0,0,0,0,0,0,0,0,0,0,0,0,0,0,0,0,0,0,0,0,0,0,0,0,0,0,0,0,0,0,0,0,0,0,0,0,0,0,0,0,0,0,0,0,0,0,0,0,0,0,0,0,0,0,0,0,0,0,0,0,0,0,0,0,0,0,0,0,0,0,0,0,0,0,0,0,0,0,0,0,0,0,0,0,0,0,0,0,0,0,0,0,0,0,0,0,0,0,0,0,0,0,0,0,0,0,0,0,0,0,0,0,0,0,0,0,0,0,0,0,0,0,0,0,0,0,0,0,0,0,0,0,0,0,0,0,0,0,0,0,0,0,0,0,0,0,0,0,0,0,0,0,0,0,0,0,0,0,0,0,0,0,0,0,0,0,0,0,0,0,0,0,0,0,0,0,0,0,0,0,0,0,0,0,0,0,0,0,0,0,0,0,0,0,0,0,0,0,0,0,0,0,0,0,0,0,0,0,0,0,0,0,0,0,0,0,0,0,0,0,0,0,0,0,0,0,0,0,0,0,0,0
C5,Đã xuất phiếu xong,0,11,11,14,14,14,14,14,14,14,14,14,14,14,14,17,17,17,17,27,26,26,26,26,26,12,12,23,23,23,23,23,23,18,18,18,18,18,18,18,18,18,18,18,18,18,18,18,18,18,18,18,18,18,18,18,18,18,18,18,18,12,12,12,12,12,12,13,13,14,14,17,17,22,22,22,22,22,22,25,25,26,26,26,26,26,26,26,26,26,26,29,29,29,29,29,29,29,29,30,30,21,21,21,21,20,20,20,20,33,33,34,34,34,34,34,34,34,34,34,34,40,32,32,32,32,32,32,32,32,32,34,34,34,34,5,48,5,5,5,5,8,8,8,8,9,9,1,16,20,20,20,20,20,20,20,20,26,26,26,26,1,26,26,26,26,26,26,26,26,26,26,26,26,26,26,26,13,13,13,13,13,13,13,13,13,13,13,13,17,17,17,17,16,16,16,16,16,16,16,16,21,21,21,21,21,21,16,16,8,8,8,8,8,8,8,8,8,8,8,8,8,8,8,8,8,8,8,8,8,8,8,8,8,8,8,1,10,10,10,10,10,10,22,22,22,22,22,22,22,22,22,22,22,22,31,31,31,31,39,39,18,18,18,18,18,18,18,18,18,18,18,18,17,17,21,21,27,27,27,27,24,24,24,24,24,24,24,24,24,24,24,24,24,24,35,35,35,35,35,35,35,35,35,35,35,35,40,40,40,40,40,40,61,61,61,61,66,66,65,65,65,65,65,65,69,69,69,69,69,69,69,69,77,77,78,78,14,14,14,14,14,14,20,20,1,20,20,20,25,25,22,22,15,15,14,14,14,14,16,16,16,16,17,17,20,20,20,20,20,20,14,14,14,14,18,18,17,17,19,19,14,14,14,14,16,16,16,16,8,8,9,9,9,9,9,9,9,9,10,10,7,7,7,7,7,7,7,7,15,15,15,15,26,26,26,26,26,26,26,26,28,28,28,28,7,7,7,7,15,15,15,15,17,17,12,12,12,12,12,12,15,15,15,15,15,15,27,27,7,7,7,7,7,1,1,1,1,1,1,8,8,8,8,8,8,8,21,21,21,21,20,20,20,20,9,9,9,9,9,9,9,9,12,12,12,12,13,13,13,13,13,13,13,13,13,13,13,13,13,13,13,13,21,21,21,21,10,10,10,10,6,6,4,4,4,4,4,4,4,4,4,4,13,13,13,13,13,13,13,13,15,15,15,15,4,4,4,4,6,6,6,6,12,12,12,12,8,8,8,8,8,8,8,8,8,8,8,8,8,8,7,7,13,13,13,13,5,5,1,5,5,5,5,5,5,5,5,5,6,6,6,6,13,13,13,13,3,3,3,3,10,10,10,10,4,4,4,4,4,4,9,9,8,8,8,8,8,8,8,8,8,8,12,12,12,12,19,19,19,19,19,19,19,19,19,19,19,19,19,19,19,19,11,11,13,13,14,14,14,14,14,14,14,14,14,14,14,14,24,24,24,24,25,25,25,25,34,34,34,34,31,31,30,30,30,30,22,22,22,22,15,15,15,15,15,15,1,15,15,15,15,15,15,15,13,13,13,1,14,14,14,14,18,18,18,18,18,18,20,20,20,20,29,29,29,29,19,19,19,19,39,39,39,39,39,39,23,23,18,18,19,19,12,12,11,11,11,11,11,11,26,26,23,23,23,23,23,23,13,13,14,14,14,14,14,14,15,15,15,15,15,15,15,15,15,15,21,21,17,17,17,17,17,17,11,11,11,13,10,10,14,14,14,14,14,14,14,14,14,14,13,13,30,30,27,27,27,27,27,27,23,23,23,23,12,12,12,12,12,12,14,14,14,14,14,14,14,14,12,12,12,12,14,14,13,13,13,13,7,7,9,9,7,7,7,7,7,7,9,9,9,9,9,9,4,4,7,7,6,6,10,10,8,8,10,10,7,7,20,20,10,10,6,6,6,6,2,2,2,2,5,5,5,5,5,5,2,2,2,2,2,2,2,2,2,2,2,2,4,4,4,4,17,17,7,7,18,18,11,11,11,11,19,19,7,7,7,1,8,8,7,7,13,13,13,13,15,15,9,9,5,5,4,4,4,4,4,4,4,4,4,4,6,6,6,6,20,20,11,11,18,18,16,16,9,9,4,4,6,6,1,3,5,5,4,4,10,10,8,8,7,7,9,9,7,7,7,7,7,7,7,7,13,13,13,13,13,13,13,13,3,3,13,13,13,13,13,13,10,10,15,15,15,15,15,15,22,22,22,22,21,21,20,20,20,20,37,37,1,35,35,35,24,24,24,24,37,37,37,37,18,18,15,15,15,15,15,15,23,23,23,23,9,9,9,9,10,10,10,10,10,10,10,10,8,8,8,8,8,8,8,8,8,8,25,25,27,26,26,26,2,2,2,2,2,2,2,2,2,2,2,2,4,4,4,4,8,8,8,8,5,5,5,5,5,5,5,5,1,1,1,1,1,1,1,1,1,1,1,1,1,1,1,1,1,1,0,0,0,0,0,0,0,0,0,0,5,5,1,3,3,3,3,3,3,3,3,3,3,4,5,5,2,2,2,2,1,1,1,1,1,1,1,1,1,1,1,1,1,1,1,1,1,1,1,1,1,1,1,1,1,1,1,1,1,1,1,1,1,1,1,1,1,1,1
C6,DONE - HOÀN THÀNH (KHÁCH),0,1,137,137,139,139,139,139,139,139,139,139,139,139,139,141,141,141,141,141,145,145,145,145,145,160,160,168,168,168,168,168,168,178,184,184,184,184,184,184,184,184,184,184,184,184,184,184,184,184,184,184,184,184,184,184,184,184,184,184,184,190,190,190,190,190,190,190,190,189,189,191,191,191,191,192,192,192,192,192,192,194,194,196,196,196,196,196,196,196,196,198,198,198,198,198,198,198,198,202,202,215,215,215,215,216,216,216,216,215,215,218,218,218,218,219,219,223,223,223,223,223,231,231,231,232,232,232,232,233,233,233,233,233,233,290,242,290,290,290,290,290,290,292,292,293,293,1447,299,301,301,301,301,301,301,301,301,301,301,301,301,1447,301,301,301,301,301,301,301,301,301,301,301,301,301,303,303,320,320,320,320,320,320,324,324,324,324,324,324,324,324,324,324,325,325,325,325,325,325,325,325,326,326,326,326,327,327,330,330,345,345,345,345,345,345,345,345,345,345,345,345,350,350,351,351,351,351,351,351,351,351,351,351,351,351,352,1447,354,354,354,354,354,354,362,362,362,362,362,362,362,362,362,362,363,363,363,363,363,363,363,363,385,385,387,387,387,387,389,389,389,389,1447,390,390,390,391,391,391,391,392,392,395,395,395,395,395,395,395,395,396,396,397,397,397,397,402,402,403,403,403,403,403,403,404,404,404,404,404,404,404,404,405,405,405,405,405,405,406,406,406,406,406,406,408,408,409,409,409,409,409,409,409,409,409,409,409,409,474,474,474,474,474,474,474,474,1447,474,478,478,478,478,481,481,497,497,498,498,498,498,499,499,499,499,501,501,502,502,502,502,502,502,510,510,512,512,512,512,513,513,513,513,518,518,518,518,518,518,518,518,529,529,529,529,529,529,529,529,531,531,534,534,539,539,539,539,539,543,543,543,543,543,543,543,543,543,543,543,543,543,543,543,544,544,544,544,566,566,566,566,566,566,566,566,567,567,573,573,573,573,573,573,573,573,573,573,573,573,573,573,593,593,593,593,593,1447,593,593,593,593,593,593,593,593,593,593,593,593,597,597,601,601,605,605,605,605,619,619,619,619,619,619,619,619,624,624,624,624,627,627,627,627,627,627,627,627,634,634,634,634,634,634,634,634,641,641,641,641,655,655,655,655,659,659,661,661,661,661,661,661,662,662,662,662,665,665,665,665,665,665,665,665,665,665,665,665,678,678,678,678,678,678,678,678,678,678,678,678,682,682,682,682,682,682,682,682,682,682,682,682,682,682,683,683,683,683,683,683,692,692,1447,692,694,694,694,694,704,704,704,704,706,706,706,706,711,711,711,711,726,726,726,726,726,726,726,726,732,732,732,732,732,732,738,738,740,740,740,740,740,740,740,740,740,740,741,741,741,741,741,741,741,741,741,741,743,743,743,743,744,744,744,744,744,744,752,752,752,752,753,753,753,753,753,753,753,753,753,753,753,753,753,753,753,753,753,753,753,753,753,753,753,753,758,758,759,759,759,759,770,770,770,770,780,780,780,780,780,780,1447,780,780,780,780,780,780,780,787,787,787,1447,787,787,787,787,794,794,794,794,794,794,794,794,794,794,796,796,796,796,808,808,808,808,808,808,808,808,808,808,824,824,829,829,828,828,839,839,840,840,840,840,840,840,840,840,845,845,845,845,845,845,855,855,856,856,856,856,863,863,864,864,864,864,864,864,864,864,865,865,870,870,879,879,879,879,880,880,881,881,881,881,892,892,892,892,892,892,892,892,893,893,892,892,894,894,894,894,897,897,897,897,897,897,904,904,910,910,921,921,922,922,925,925,925,925,925,925,925,925,928,928,931,931,931,931,939,939,940,940,940,940,949,949,949,949,951,951,951,951,951,951,951,951,951,951,955,955,960,960,960,960,961,961,966,966,977,977,982,982,986,986,986,986,1006,1006,1010,1010,1010,1010,1015,1015,1015,1015,1018,1018,1018,1018,1018,1018,1022,1022,1023,1023,1031,1031,1046,1046,1049,1049,1055,1055,1057,1057,1057,1057,1058,1058,1068,1068,1070,1070,1077,1077,1078,1078,1081,1081,1095,1095,1095,1447,1097,1097,1099,1099,1104,1104,1105,1105,1112,1112,1119,1119,1123,1123,1126,1126,1127,1127,1136,1136,1136,1136,1136,1136,1141,1141,1143,1143,1147,1147,1157,1157,1157,1157,1163,1163,1173,1173,1179,1179,1183,1183,1447,1186,1186,1186,1187,1187,1202,1202,1205,1205,1206,1206,1220,1220,1222,1222,1222,1222,1224,1224,1224,1224,1225,1225,1225,1225,1225,1225,1227,1227,1245,1245,1245,1245,1245,1245,1245,1245,1249,1249,1258,1258,1258,1258,1258,1258,1271,1271,1271,1271,1272,1272,1275,1275,1275,1275,1280,1280,1447,1285,1285,1285,1297,1297,1297,1297,1297,1297,1297,1297,1329,1329,1336,1336,1336,1336,1336,1336,1342,1342,1342,1342,1356,1356,1356,1356,1359,1359,1359,1359,1359,1359,1363,1363,1365,1365,1365,1365,1365,1365,1371,1371,1371,1371,1379,1379,1381,1382,1382,1382,1406,1406,1406,1406,1406,1406,1409,1409,1409,1409,1409,1409,1413,1413,1413,1413,1413,1413,1413,1413,1416,1416,1416,1416,1416,1416,1416,1416,1420,1420,1420,1420,1420,1420,1420,1420,1426,1426,1426,1426,1427,1427,1427,1427,1427,1427,1433,1433,1433,1433,1435,1435,1435,1435,1435,1435,1435,1435,1447,1435,1435,1435,1437,1437,1437,1437,1437,1437,1437,1438,1438,1438,1441,1441,1441,1441,1445,1445,1445,1445,1445,1445,1447,1447,1447,1447,1447,1447,1447,1447,1447,1447,1447,1447,1447,1447,1447,1447,1447,1447,1447,1447,1447,1447,1447,1447,1447,1447,1447,1447,1447,1447,1447,1447,1447
C7,Cần kiểm tra - ngoài tầm kiểm soát,0,1,1,1,1,1,1,1,1,1,1,1,1,1,1,1,1,1,1,1,0,0,0,0,0,0,0,0,0,0,0,0,0,0,0,0,0,0,0,0,0,0,0,0,0,0,0,0,0,0,0,0,0,0,0,0,0,0,0,0,0,0,0,0,0,0,0,0,0,0,0,0,0,0,0,0,0,0,0,0,0,0,0,0,0,0,0,0,0,0,0,0,0,0,0,0,0,0,0,0,0,0,0,0,0,0,0,0,0,0,0,0,0,0,0,0,0,0,0,0,0,0,0,0,0,0,0,0,0,0,0,0,0,0,0,0,0,0,0,0,0,0,0,0,0,0,0,0,0,0,0,0,0,0,0,0,0,0,0,0,0,0,0,0,0,0,0,0,0,0,0,0,0,0,0,0,0,0,0,0,0,0,0,0,0,0,0,0,0,0,0,0,0,0,0,0,0,0,0,0,0,0,0,0,0,0,0,0,0,0,0,0,0,0,0,0,0,0,0,0,0,0,0,0,0,0,0,0,0,0,0,0,0,0,0,0,0,0,0,0,0,0,0,0,0,0,0,0,0,0,0,0,0,0,0,0,0,0,0,0,0,0,0,0,0,0,0,0,0,0,0,0,0,0,0,0,0,0,0,0,0,0,0,0,0,0,0,0,0,0,0,0,0,0,0,0,0,0,0,0,0,0,0,0,0,0,0,0,0,0,0,0,0,0,0,0,0,0,0,0,0,0,0,0,0,0,0,0,0,0,0,0,0,0,0,0,0,0,0,0,0,0,0,0,0,0,0,0,0,0,0,0,0,0,0,0,0,0,0,0,0,0,0,0,0,0,0,0,0,0,0,0,0,0,0,0,0,0,0,0,0,0,0,0,0,0,0,0,0,0,0,0,0,0,0,0,0,0,0,0,0,0,0,0,0,0,0,0,0,0,0,0,0,0,0,0,0,1,1,1,1,0,0,0,0,0,0,0,0,0,0,0,0,0,0,0,0,0,0,0,0,0,0,0,0,0,0,0,0,0,0,0,0,0,0,0,0,0,0,0,0,0,0,0,0,0,0,0,0,0,0,0,0,0,0,0,0,0,0,0,0,0,0,0,0,0,0,0,0,0,0,0,0,0,0,0,0,0,0,0,0,0,0,0,0,0,0,0,0,0,0,0,0,0,0,0,0,0,0,0,0,0,0,0,0,0,0,0,0,0,0,0,0,0,0,0,0,0,0,0,0,0,0,0,0,0,0,0,0,0,0,0,0,0,0,0,0,0,0,0,0,0,0,0,0,0,0,0,0,0,0,0,0,0,0,0,0,0,0,0,0,0,0,0,0,0,0,0,0,0,0,0,0,0,0,0,0,0,0,0,0,0,0,0,0,0,0,0,0,0,0,0,0,0,0,0,0,0,0,0,0,0,0,0,0,0,0,0,0,0,0,0,0,0,0,0,0,0,0,0,0,0,0,0,0,0,0,0,0,0,0,0,0,0,0,0,0,0,0,0,0,0,0,0,0,0,0,0,0,0,0,0,0,0,0,0,0,0,0,0,0,0,0,0,0,0,0,0,0,0,0,0,0,0,0,0,0,0,0,0,0,0,0,0,0,0,0,0,0,0,0,0,0,0,0,0,0,0,0,0,0,0,0,0,0,0,0,0,0,0,0,0,0,0,0,0,0,0,0,0,0,0,0,0,0,0,0,0,0,0,0,0,0,0,0,0,0,0,0,0,0,0,0,0,0,0,0,0,0,0,0,0,0,0,0,0,0,0,0,0,0,0,0,0,0,0,0,0,0,0,0,0,0,0,0,0,0,0,0,0,0,0,0,0,0,0,0,0,0,0,0,0,0,0,0,0,0,0,0,0,0,0,0,0,0,0,0,0,0,0,0,0,0,0,0,0,0,0,0,0,0,0,0,0,0,0,0,0,0,0,0,0,0,0,0,0,0,0,0,0,0,0,0,0,0,0,0,0,0,0,0,0,0,0,0,0,0,0,0,0,0,0,0,0,0,0,0,0,0,0,0,0,0,0,0,0,0,0,0,0,0,0,0,0,0,0,0,0,0,0,0,0,0,0,0,0,0,0,0,0,0,0,0,0,0,0,0,0,0,0,0,0,0,0,0,0,0,0,0,0,0,0,0,0,0,0,0,0,0,0,0,0,0,0,0,0,0,0,0,0,0,0,0,0,0,0,0,0,0,0,0,0,0,0,0,0,0,0,0,0,0,0,0,0,0,0,0,0,0,0,0,0,0,5,5,5,5,0,0,0,0,0,0,0,0,0,0,0,0,0,0,0,0,0,0,0,0,0,0,0,0,0,0,0,0,0,0,0,0,0,0,0,0,0,0,0,0,0,0,0,0,0,0,0,0,0,0,0,0,0,0,0,0,0,0,0,0,0,0,0,0,0,0,0,0,0,0,0,0,0,0,0,0,0,0,0,0,0,0,0,0,0,0,0,0,0,0,0,0,0,0,0,0,0,0,0,0,0,0,0,0,0,0,0,0,0,0,0,0,0,0,0,0,0,0,0,0,0,0,0,0,0,0,0,0,0,0,0,0,0,0,0,0,0,0,0,0,0,0,0,0,0,0,0,0,0,0,0,0,0,0,0,0,0,0,0,0,0,0,0,0,0,0,0,0,0
C8,Hàng chờ trả - do chung đợt,0,1,1,4,4,4,4,4,4,4,4,4,4,4,4,2,2,4,4,4,4,5,5,6,6,5,5,1,1,1,1,1,1,1,1,1,1,1,1,1,1,1,1,1,1,1,1,1,1,1,1,1,1,1,1,1,1,1,1,1,1,1,1,1,1,1,1,0,0,0,0,0,0,0,0,0,0,0,0,0,0,0,0,0,0,0,0,0,0,0,0,0,0,0,0,0,0,0,0,0,0,0,0,1,1,1,1,1,1,1,1,1,1,1,1,1,1,1,1,1,1,1,1,1,1,1,1,1,1,1,1,1,1,1,1,2,2,2,2,2,2,2,2,2,2,2,2,1,2,2,2,2,2,2,2,2,2,3,3,3,3,1,3,3,3,3,3,3,3,3,3,3,3,3,3,3,3,3,3,3,3,3,3,3,3,3,3,3,3,4,4,4,4,4,4,4,4,4,4,4,4,4,4,4,4,4,4,4,4,3,3,3,3,3,3,3,3,4,4,4,4,4,4,4,4,4,4,4,4,4,4,4,4,4,4,4,1,4,3,3,3,3,3,3,3,3,3,3,3,3,3,4,4,1,1,1,1,1,1,1,1,0,0,0,0,0,0,0,0,0,0,1,0,0,0,0,0,0,0,0,0,0,0,0,0,0,0,0,0,0,0,0,0,0,0,0,0,0,0,0,0,0,0,0,0,0,0,0,0,0,0,2,2,2,2,2,2,1,1,1,1,1,1,0,0,0,0,0,0,0,0,0,0,0,0,1,1,3,3,3,3,3,3,3,3,1,3,0,0,0,0,0,0,0,0,0,0,0,0,0,0,0,0,0,0,0,0,0,0,0,0,1,1,0,0,1,1,1,1,1,1,1,1,1,1,0,0,0,0,2,2,2,2,2,2,2,2,3,3,4,4,4,4,4,4,0,1,1,1,1,1,1,1,0,0,0,0,0,0,0,0,2,2,2,2,3,3,3,3,0,0,0,0,0,0,0,0,0,0,0,0,0,0,0,0,0,0,0,0,0,0,0,0,0,1,3,3,3,3,3,3,3,3,3,3,3,3,1,1,1,1,1,1,1,1,1,1,1,1,1,1,1,1,1,1,1,1,1,1,1,1,1,1,1,1,0,0,0,0,1,1,1,1,3,3,3,3,6,6,6,6,6,6,6,6,6,6,6,6,6,6,6,6,3,3,3,3,3,3,3,4,4,4,4,4,4,4,4,4,5,5,5,5,2,2,2,2,2,2,2,2,2,2,2,2,4,4,4,4,4,4,4,4,7,7,7,7,10,10,1,10,10,10,10,10,3,3,3,3,5,5,5,5,4,4,4,4,4,4,4,4,0,0,0,0,1,1,1,1,1,1,5,5,5,5,5,5,6,6,6,6,6,6,6,6,6,6,2,2,3,3,3,3,3,3,3,3,5,5,5,5,5,5,5,5,5,5,8,8,8,8,9,9,9,9,9,9,9,9,6,6,6,6,7,7,7,7,2,2,2,2,3,3,3,3,3,3,5,5,5,5,7,7,7,7,7,7,1,7,8,8,8,8,8,8,11,11,11,1,13,13,13,13,7,7,8,9,9,9,8,8,8,8,8,8,8,8,3,3,3,3,4,4,4,4,4,4,4,4,4,4,4,4,5,5,5,5,5,5,5,5,5,5,4,4,4,4,4,4,4,4,3,3,3,3,4,4,4,4,4,4,4,4,4,4,2,2,2,2,0,0,0,0,2,2,2,2,2,1,1,1,1,1,1,1,1,1,1,1,1,1,0,0,0,0,0,0,0,0,0,0,0,0,0,0,0,0,0,0,1,1,1,1,1,1,1,1,1,1,0,0,0,0,0,0,0,0,0,0,1,1,0,0,0,0,0,0,1,1,3,3,4,4,4,4,4,4,4,4,4,4,4,4,5,5,7,7,5,5,0,0,0,0,0,0,0,0,0,0,0,0,2,2,2,2,2,2,1,1,0,0,1,1,1,1,1,1,1,1,2,2,2,2,2,2,0,0,4,4,4,4,4,4,0,0,0,0,0,1,2,2,0,0,0,0,0,0,0,0,0,0,0,0,0,0,0,0,1,1,1,1,1,1,2,2,2,2,1,1,0,0,0,0,0,0,0,0,0,0,0,0,1,0,0,0,0,0,0,0,0,0,0,0,0,0,0,0,0,0,0,0,0,0,6,6,6,6,5,5,5,5,5,5,11,11,11,11,11,11,12,12,13,13,4,4,7,7,3,3,3,3,3,3,1,1,1,1,1,1,1,1,1,1,0,0,0,0,3,3,3,3,0,0,0,0,0,0,0,0,0,0,0,0,0,0,0,0,1,1,1,1,1,1,3,3,3,3,3,3,3,3,0,0,0,0,0,0,0,0,0,0,0,0,0,0,0,0,0,0,0,0,0,0,0,0,0,0,1,1,1,1,1,1,1,1,1,1,2,2,2,2,2,2,2,2,2,2,0,0,0,0,0,0,2,2,2,2,2,2,2,2,1,1,1,1,1,1,1,1,1,3,4,4,2,2,2,2,4,4,4,4,3,3,3,3,3,3,1,1,1,1,1,1,0,1,1,1,1,1,1,1,1,1,1,1,1,1,1,1,1,1,1,1,1,1,1,1,1,1,1,1,1,1,1,1,1
TỔNG,,44,46,182,183,183,183,183,183,183,183,183,183,183,183,183,191,191,191,196,196,201,201,201,201,201,205,205,218,218,218,218,218,218,218,225,225,225,225,225,225,225,225,225,225,225,225,225,225,225,225,225,225,225,225,225,225,225,225,225,225,225,225,225,227,227,227,227,231,231,231,231,231,231,234,234,234,234,235,235,236,236,236,236,241,241,241,241,242,242,242,242,242,242,243,243,244,244,244,244,260,260,266,266,267,267,280,280,280,280,281,281,293,293,296,296,299,299,299,299,299,299,299,299,309,309,311,311,311,311,316,316,316,316,316,316,321,321,321,321,321,321,321,321,325,325,328,328,1462,329,341,341,341,341,341,341,343,343,345,345,350,350,1462,350,350,350,351,351,351,351,351,351,354,354,354,354,354,354,354,354,355,355,357,357,357,357,359,359,359,359,363,363,363,363,363,363,363,363,365,365,365,365,368,368,368,368,371,371,371,371,371,371,371,371,377,377,386,386,389,389,390,390,390,390,394,394,395,395,395,395,395,395,395,395,398,398,401,1462,402,402,402,402,404,404,404,404,406,406,406,406,409,409,409,409,413,413,413,413,420,420,420,420,426,426,426,426,426,426,430,430,433,433,435,435,435,435,435,435,441,441,445,445,446,446,447,447,447,447,448,448,454,454,454,454,466,466,466,466,467,467,470,470,473,473,474,474,474,474,476,476,476,476,476,476,476,476,479,479,482,482,486,486,486,486,487,487,488,488,491,491,493,493,494,494,498,498,502,502,505,505,505,505,507,507,507,507,1462,514,517,517,517,517,517,517,518,518,521,521,521,521,521,521,522,522,522,522,530,530,530,530,530,530,532,532,538,538,539,539,539,539,540,540,542,542,542,542,542,542,542,542,548,548,555,555,556,556,561,561,564,564,576,576,578,578,582,582,584,584,584,584,591,591,591,591,591,591,594,594,594,594,599,599,599,599,606,606,606,606,606,606,606,606,611,611,611,611,611,611,611,611,611,611,611,611,611,611,618,618,618,618,618,618,618,618,621,1462,621,621,626,626,626,626,634,634,634,634,639,639,639,639,641,641,641,641,647,647,647,647,654,654,654,654,664,664,663,663,666,666,666,666,666,666,666,666,666,666,666,666,679,679,679,679,679,679,679,679,681,681,681,681,681,681,681,681,686,686,686,686,688,688,688,688,692,692,692,692,704,704,704,704,704,704,704,704,706,706,706,706,706,706,706,706,710,710,710,710,715,715,715,715,716,716,716,716,716,716,716,716,724,724,724,724,725,725,725,725,725,725,725,725,1462,731,731,731,733,733,735,735,736,736,736,736,742,742,742,742,749,749,749,749,749,749,749,749,762,762,762,762,772,772,774,774,774,774,774,774,777,777,777,777,777,777,783,783,783,783,783,783,783,783,783,783,787,787,787,787,790,790,790,790,798,798,798,798,798,798,799,799,799,799,803,803,803,803,816,816,816,816,816,816,816,816,816,816,816,816,819,819,819,819,822,822,822,822,822,822,823,823,823,823,834,834,834,834,835,835,835,835,1462,844,844,844,845,845,851,851,851,851,851,1462,851,851,860,860,860,860,860,860,863,863,863,863,863,863,863,863,871,871,871,871,873,873,873,873,878,878,878,878,878,878,881,881,881,881,882,882,885,890,890,890,890,890,890,891,891,891,891,891,891,891,892,892,893,893,904,904,904,904,905,907,907,907,907,907,907,907,907,907,907,907,907,907,913,913,913,913,913,913,926,926,926,926,935,935,935,935,939,939,941,941,943,943,943,943,943,943,943,943,948,948,956,956,956,956,956,956,956,956,958,958,958,958,960,960,962,962,962,962,964,964,964,964,964,964,964,964,964,964,972,972,975,975,976,976,978,978,979,979,979,979,985,985,994,994,995,995,996,996,996,996,996,996,996,996,1003,1003,1016,1016,1018,1018,1019,1019,1025,1025,1044,1044,1044,1044,1049,1049,1049,1049,1049,1049,1052,1052,1053,1053,1060,1060,1067,1067,1068,1068,1068,1068,1097,1097,1104,1104,1104,1104,1107,1107,1109,1109,1118,1118,1118,1118,1119,1119,1128,1128,1128,1128,1128,1128,1133,1462,1133,1133,1134,1134,1134,1134,1157,1157,1157,1157,1159,1159,1168,1168,1168,1168,1176,1176,1177,1177,1178,1178,1183,1183,1183,1183,1191,1191,1191,1191,1194,1194,1194,1194,1198,1198,1198,1198,1204,1204,1205,1205,1462,1218,1220,1220,1233,1233,1233,1233,1234,1234,1241,1241,1241,1241,1243,1243,1252,1252,1252,1252,1272,1272,1272,1272,1274,1274,1278,1278,1290,1290,1290,1290,1290,1290,1301,1301,1310,1310,1310,1310,1324,1324,1324,1324,1324,1324,1325,1325,1336,1336,1338,1338,1338,1338,1343,1343,1343,1343,1462,1346,1347,1347,1347,1347,1351,1351,1352,1352,1366,1366,1370,1370,1370,1370,1372,1372,1379,1379,1379,1379,1379,1379,1379,1379,1391,1391,1391,1391,1394,1394,1409,1409,1409,1409,1412,1412,1412,1412,1413,1413,1414,1414,1415,1415,1415,1415,1415,1415,1417,1417,1417,1417,1422,1422,1424,1424,1425,1425,1425,1425,1425,1425,1425,1425,1427,1427,1428,1428,1431,1431,1431,1431,1432,1432,1432,1432,1432,1432,1437,1437,1438,1438,1439,1439,1440,1440,1442,1442,1443,1443,1443,1443,1443,1443,1444,1444,1444,1444,1448,1448,1448,1448,1455,1455,1456,1456,1456,1456,1462,1459,1459,1459,1459,1459,1459,1460,1460,1460,1460,1460,1460,1460,1460,1460,1461,1461,1462,1462,1462,1462,1462,1462,1462,1462,1462,1462,1462,1462,1462,1462,1462,1462,1462,1462,1462,1462,1462,1462,1462,1462,1462,1462,1462,1462,1462,1462,1462,1462,1462,1462,1462,1462,1462,1462,1462
CÒN XỬ LÝ,,44,45,45,46,44,44,44,44,44,44,44,44,44,44,44,50,50,50,55,55,56,56,56,56,56,45,45,50,50,50,50,50,50,40,41,41,41,41,41,41,41,41,41,41,41,41,41,41,41,41,41,41,41,41,41,41,41,41,41,41,41,35,35,37,37,37,37,41,41,42,42,40,40,43,43,42,42,43,43,44,44,42,42,45,45,45,45,46,46,46,46,44,44,45,45,46,46,46,46,58,58,51,51,52,52,64,64,64,64,66,66,75,75,78,78,80,80,76,76,76,76,76,68,78,78,79,79,79,79,83,83,83,83,83,83,31,79,31,31,31,31,31,31,33,33,35,35,15,30,40,40,40,40,40,40,42,42,44,44,49,49,15,49,49,49,50,50,50,50,50,50,53,53,53,53,51,51,34,34,35,35,37,37,33,33,35,35,35,35,39,39,39,39,38,38,38,38,40,40,40,40,42,42,42,42,44,44,41,41,26,26,26,26,32,32,41,41,44,44,45,45,40,40,43,43,44,44,44,44,44,44,44,44,47,47,49,15,48,48,48,48,50,50,43,43,44,44,44,44,47,47,47,47,50,50,50,50,57,57,57,57,41,41,39,39,39,39,41,41,44,44,46,46,45,45,44,44,50,50,53,53,51,51,52,52,52,52,53,53,58,58,57,57,69,69,64,64,64,64,67,67,70,70,70,70,70,70,72,72,72,72,71,71,71,71,74,74,76,76,80,80,80,80,79,79,79,79,82,82,84,84,85,85,89,89,93,93,31,31,31,31,33,33,33,33,15,40,39,39,39,39,36,36,21,21,23,23,23,23,22,22,23,23,21,21,28,28,28,28,28,28,22,22,26,26,27,27,26,26,27,27,24,24,24,24,24,24,24,24,19,19,26,26,27,27,32,32,33,33,42,42,39,39,43,43,45,41,41,41,48,48,48,48,48,48,51,51,51,51,56,56,55,55,62,62,40,40,40,40,40,40,45,45,44,44,38,38,38,38,38,38,38,38,38,38,45,45,45,45,25,25,25,25,28,15,28,28,33,33,33,33,41,41,41,41,46,46,42,42,40,40,36,36,42,42,28,28,35,35,35,35,45,45,39,39,42,42,39,39,39,39,39,39,39,39,32,32,45,45,45,45,45,45,38,38,40,40,26,26,26,26,22,22,25,25,25,25,27,27,26,26,30,30,27,27,39,39,39,39,39,39,39,39,41,41,28,28,28,28,28,28,32,32,32,32,37,37,33,33,34,34,34,34,34,34,34,34,42,42,42,42,42,42,42,42,42,42,33,33,15,39,37,37,41,41,31,31,32,32,30,30,36,36,31,31,38,38,23,23,23,23,23,23,36,36,30,30,40,40,42,42,36,36,34,34,37,37,37,37,37,37,43,43,42,42,42,42,42,42,42,42,46,46,44,44,47,47,46,46,54,54,54,54,46,46,47,47,46,46,50,50,50,50,63,63,63,63,63,63,63,63,63,63,63,63,66,66,66,66,69,69,64,64,63,63,64,64,53,53,64,64,54,54,55,55,55,55,15,64,64,64,65,65,71,71,64,64,64,15,64,64,73,73,66,66,66,66,69,69,69,69,69,69,67,67,75,75,63,63,65,65,65,65,70,70,70,70,54,54,52,52,53,53,43,43,45,45,50,50,50,50,50,50,46,46,46,46,46,46,37,37,37,37,48,48,41,41,41,41,43,43,43,43,43,43,42,42,37,37,28,28,34,34,33,33,32,32,45,45,34,34,43,43,43,43,47,47,48,48,51,51,49,49,49,49,46,46,51,51,59,59,52,52,46,46,35,35,36,36,33,33,35,35,37,37,37,37,36,36,33,33,33,33,25,25,24,24,32,32,26,26,27,27,27,27,28,28,28,28,34,34,44,44,40,40,36,36,36,36,35,35,30,30,26,26,34,34,32,32,33,33,19,19,34,34,34,34,34,34,34,34,31,31,34,34,35,35,38,38,44,44,37,37,22,22,48,48,49,49,47,47,50,50,51,51,50,50,48,48,42,42,50,50,47,47,33,33,38,15,36,36,35,35,30,30,52,52,45,45,40,40,45,45,42,42,49,49,41,41,42,42,47,47,42,42,48,48,44,44,37,37,37,37,35,35,25,25,25,25,22,22,15,32,34,34,46,46,31,31,29,29,35,35,21,21,21,21,30,30,28,28,48,48,47,47,49,49,53,53,63,63,45,45,45,45,56,56,65,65,61,61,66,66,66,66,66,66,54,54,65,65,66,66,63,63,68,68,63,63,15,61,62,62,50,50,54,54,55,55,69,69,41,41,34,34,36,36,43,43,37,37,37,37,23,23,35,35,32,32,35,35,50,50,46,46,47,47,47,47,48,48,43,43,44,44,36,36,34,33,35,35,11,11,16,16,18,18,16,16,16,16,16,16,12,12,14,14,15,15,18,18,15,15,16,16,16,16,16,16,17,17,18,18,19,19,20,20,16,16,17,17,16,16,16,16,17,17,11,11,15,15,13,13,20,20,21,21,21,21,15,24,24,24,22,22,22,23,23,23,23,22,22,22,19,19,20,20,16,16,17,17,17,17,15,15,15,15,15,15,15,15,15,15,15,15,15,15,15,15,15,15,15,15,15,15,15,15,15,15,15,15,15,15,15,15,15
Xác nhận,,Lâm,Lâm,Lâm,Lâm,,,,,,,,,,,Lâm,,Lâm,Lâm,Lâm,Lâm,Nhiên,Nhiên,Nhiên,Nhiên,Nhiên,Nhiên,Nhiên,Nhiên,Nhiên,Nhiên,Nhiên,Nhiên,Nhiên,Nhiên,,,,,,,,,,,,,,,,,,,,,,,,,,,Lâm,Minh,Minh,,,,Nhiên,,Minh,Nhiên,Nhiên,Nhiên,Nhiên,Nhiên,Nhiên,Nhiên,Nhiên,Nhiên,Nhiên,Nhiên,Nhiên,Nhiên,Nhiên,Nhiên,Nhiên,Nhiên,Nhiên,Nhiên,Nhiên,Nhiên,Nhiên,Nhiên,Nhiên,Nhiên,Nhiên,Nhiên,Nhiên,Nhiên,Nhiên,Nhiên,Nhiên,Nhiên,Nhiên,Nhiên,Nhiên,Nhiên,Lâm,Lâm,Lâm,Lâm,Nhiên,Nhiên,Nhiên,Nhiên,Nhiên,Nhiên,Nhiên,Nhiên,Lâm,Lâm,Nhiên,Nhiên,Nhiên,Nhiên,Nhiên,Nhiên,Nhiên,Nhiên,Nhiên,Nhiên,Lâm,Lâm,Lâm,Lâm,Lâm,Lâm,Lâm,,Nhiên,Nhiên,Lâm,Lâm,Lâm,Lâm,Lâm,Lâm,Lâm,,Nhiên,Nhiên,Nhiên,Nhiên,Nhiên,Nhiên,Nhiên,Nhiên,Lâm,Lâm,Nhiên,Nhiên,Lâm,,Nhiên,Nhiên,Nhiên,Nhiên,Nhiên,Nhiên,Nhiên,Nhiên,Nhiên,Nhiên,Nhiên,Nhiên,Nhiên,Nhiên,Nhiên,Nhiên,Nhiên,Nhiên,Nhiên,Nhiên,Nhiên,Nhiên,Nhiên,Nhiên,Nhiên,Nhiên,Nhiên,Nhiên,Nhiên,Nhiên,Nhiên,Nhiên,Nhiên,Nhiên,Nhiên,Nhiên,Nhiên,Nhiên,Nhiên,Nhiên,Nhiên,Nhiên,Nhiên,Nhiên,Nhiên,Nhiên,Nhiên,Nhiên,Nhiên,Nhiên,Nhiên,Nhiên,Nhiên,Nhiên,Nhiên,Nhiên,Nhiên,Nhiên,Nhiên,Nhiên,Nhiên,Nhiên,Nhiên,Nhiên,Nhiên,Nhiên,Nhiên,Nhiên,Nhiên,Nhiên,Nhiên,Nhiên,Nhiên,Nhiên,Nhiên,Nhiên,Nhiên,Nhiên,Nhiên,Nhiên,Nhiên,Nhiên,Nhiên,Nhiên,Nhiên,Nhiên,Nhiên,Nhiên,Nhiên,Nhiên,Nhiên,Nhiên,Nhiên,Nhiên,Nhiên,Nhiên,Nhiên,Nhiên,Nhiên,Nhiên,Nhiên,Nhiên,Nhiên,Nhiên,Nhiên,Nhiên,Nhiên,Nhiên,Nhiên,Nhiên,Nhiên,Nhiên,Nhiên,Nhiên,Nhiên,Nhiên,Nhiên,Nhiên,Nhiên,Nhiên,Nhiên,Nhiên,Nhiên,Nhiên,Nhiên,Nhiên,Nhiên,Nhiên,Nhiên,Nhiên,Nhiên,Nhiên,Nhiên,Nhiên,Nhiên,Nhiên,Nhiên,Nhiên,Nhiên,Nhiên,Nhiên,Nhiên,Nhiên,Nhiên,Nhiên,Nhiên,Nhiên,Nhiên,Nhiên,Nhiên,Nhiên,Nhiên,Nhiên,Nhiên,Nhiên,Nhiên,Nhiên,Nhiên,Nhiên,Nhiên,Nhiên,Nhiên,Nhiên,Nhiên,Nhiên,Nhiên,Nhiên,Nhiên,Nhiên,Lâm,Nhiên,Nhiên,Nhiên,Nhiên,Nhiên,Nhiên,Nhiên,Nhiên,Nhiên,Nhiên,Nhiên,Nhiên,Nhiên,Nhiên,Nhiên,Nhiên,Nhiên,Nhiên,Nhiên,Nhiên,Nhiên,Nhiên,Nhiên,Nhiên,Nhiên,Nhiên,Nhiên,Nhiên,Nhiên,Nhiên,Nhiên,Nhiên,Nhiên,Nhiên,Nhiên,Nhiên,Nhiên,Nhiên,Nhiên,Nhiên,Nhiên,Nhiên,Nhiên,Nhiên,Nhiên,Nhiên,Nhiên,Nhiên,Nhiên,Nhiên,Nhiên,Nhiên,Nhiên,Nhiên,Nhiên,Nhiên,Nhiên,Nhiên,Nhiên,Nhiên,Nhiên,Nhiên,Nhiên,Nhiên,Nhiên,Nhiên,Nhiên,Nhiên,Nhiên,Nhiên,Nhiên,Nhiên,Nhiên,Nhiên,Nhiên,Nhiên,Nhiên,Nhiên,Nhiên,Nhiên,Nhiên,Nhiên,Nhiên,Nhiên,Nhiên,Nhiên,Nhiên,Nhiên,Nhiên,Nhiên,Nhiên,Nhiên,Nhiên,Nhiên,Nhiên,Nhiên,Nhiên,Nhiên,Nhiên,Nhiên,Nhiên,Nhiên,Nhiên,Nhiên,Nhiên,Nhiên,Nhiên,Nhiên,Nhiên,Nhiên,Nhiên,Nhiên,Nhiên,Nhiên,Nhiên,Nhiên,Nhiên,Nhiên,Nhiên,Nhiên,Nhiên,Nhiên,Nhiên,Nhiên,Nhiên,Nhiên,Nhiên,Nhiên,Nhiên,Nhiên,Nhiên,Nhiên,Nhiên,Nhiên,Nhiên,Nhiên,Nhiên,Nhiên,Nhiên,Nhiên,Nhiên,Nhiên,Nhiên,Nhiên,Nhiên,Nhiên,Nhiên,Nhiên,Nhiên,Nhiên,Nhiên,Nhiên,Nhiên,Nhiên,Nhiên,Nhiên,Nhiên,Nhiên,Nhiên,Nhiên,Nhiên,Nhiên,Nhiên,Nhiên,Nhiên,Nhiên,Nhiên,Nhiên,Nhiên,Nhiên,Nhiên,Nhiên,Nhiên,Nhiên,Nhiên,Nhiên,Nhiên,Nhiên,Nhiên,Nhiên,Nhiên,Nhiên,Nhiên,Nhiên,Nhiên,Nhiên,Nhiên,Nhiên,Nhiên,Nhiên,Nhiên,Nhiên,Nhiên,Nhiên,Nhiên,Nhiên,Nhiên,Nhiên,Nhiên,Nhiên,Nhiên,Nhiên,Nhiên,Nhiên,Nhiên,Nhiên,Nhiên,Nhiên,Nhiên,Nhiên,Nhiên,Nhiên,Nhiên,Nhiên,Nhiên,Nhiên,Nhiên,Nhiên,Nhiên,Nhiên,Nhiên,Nhiên,Nhiên,Nhiên,Nhiên,Nhiên,Nhiên,Nhiên,Nhiên,Nhiên,Nhiên,Nhiên,Nhiên,Nhiên,Nhiên,Nhiên,Nhiên,Nhiên,Nhiên,Nhiên,Nhiên,Nhiên,Nhiên,Nhiên,Nhiên,Nhiên,Nhiên,Nhiên,Thiên,Thiên,Nhiên,Nhiên,Thiên,Thiên,Nhiên,Nhiên,Nhiên,Nhiên,Nhiên,Nhiên,Nhiên,Nhiên,Nhiên,Nhiên,Thiên,Thiên,Lâm,Lâm,Nhiên,Nhiên,Nhiên,Nhiên,Thiên,Thiên,Nhiên,Nhiên,Nhiên,Nhiên,Thiên,Thiên,Nhiên,Nhiên,Thiên,Thiên,Nhiên,Nhiên,Nhiên,Nhiên,Thiên,Thiên,Nhiên,Nhiên,Thiên,Thiên,Nhiên,Nhiên,Thiên,Thiên,Nhiên,Nhiên,Nhiên,Nhiên,Thiên,Thiên,Nhiên,Nhiên,Thiên,Thiên,Nhiên,Nhiên,Thiên,Thiên,Nhiên,Nhiên,Thiên,Thiên,Nhiên,Nhiên,Thiên,Thiên,Nhiên,Nhiên,Thiên,Thiên,Nhiên,Nhiên,Thiên,Thiên,Nhiên,Nhiên,Thiên,Thiên,Dinh,Dinh,Nhiên,Nhiên,Dinh,Dinh,Nhiên,Nhiên,Dinh,Dinh,Nhiên,Nhiên,Dinh,Dinh,Nhiên,Nhiên,Thiên,Thiên,Dinh,Dinh,Nhiên,Nhiên,Nhiên,Nhiên,Nhiên,Nhiên,Dinh,Dinh,Nhiên,Nhiên,Nhiên,Nhiên,Dinh,Dinh,Nhiên,Nhiên,Dinh,Dinh,Nhiên,Nhiên,Dinh,Dinh,Nhiên,Nhiên,Thiên,Thiên,Nhiên,Thiên,Thiên,Thiên,Nhiên,Nhiên,Thiên,Thiên,Thiên,Thiên,Nhiên,Nhiên,Thiên,Thiên,Thiên,Thiên,Thiên,Thiên,Thiên,Thiên,Nhiên,Thiên,Thiên,Thiên,Nhiên,Nhiên,Thiên,Thiên,Thiên,Thiên,Thiên,Thiên,Thiên,Thiên,Nhiên,Nhiên,Thiên,Thiên,Thiên,Thiên,Nhiên,Thiên,Thiên,Thiên,Thiên,Thiên,Thiên,Thiên,Nhiên,Thiên,Thiên,Thiên,Nhiên,Nhiên,Thiên,Thiên,Thiên,Thiên,Nhiên,Nhiên,Thiên,Thiên,Thiên,Thiên,Thiên,Thiên,Nhiên,Thiên,Thiên,Thiên,Nhiên,Nhiên,Thiên,Thiên,Thiên,Thiên,Thiên,Thiên,Thiên,Thiên,Thiên,Nhiên,Thiên,Thiên,Thiên,Thiên,Thiên,Thiên,Thiên,Thiên,Thiên,Thiên,Thiên,Thiên,Thiên,Thiên,Thiên,Thiên,Thiên,Thiên,Nhiên,Nhiên,Thiên,Thiên,Thiên,Thiên,Thiên,Thiên,Thiên,Thiên,Thiên,Thiên,Thiên,Thiên,Nhiên,Nhiên,Nhiên,Nhiên,Nhiên,Nhiên,Nhiên,Nhiên,Nhiên,Nhiên,Nhiên,Nhiên,Nhiên,Nhiên,Nhiên,Nhiên,Nhiên,Nhiên,Nhiên,Nhiên,Nhiên,Nhiên,Nhiên,Nhiên,Nhiên,Nhiên,Nhiên,Nhiên,Nhiên,Nhiên,Nhiên,Nhiên,Nhiên,Nhiên,Nhiên,Nhiên,Nhiên,Nhiên,Nhiên,Nhiên,Nhiên,Nhiên,Nhiên,Nhiên,Nhiên,Nhiên,Nhiên,Nhiên,Nhiên,Nhiên,Nhiên,Nhiên,Nhiên,Nhiên,Nhiên,Nhiên,Nhiên,Nhiên,Nhiên,Nhiên,Nhiên,Nhiên,Nhiên,Nhiên,Nhiên,Nhiên,Nhiên,Nhiên,Nhiên,Nhiên,Nhiên,Nhiên,Nhiên,Nhiên,Nhiên,Nhiên,Nhiên,Nhiên,Nhiên,Nhiên,Nhiên,Nhiên,Nhiên,Nhiên,Nhiên,Nhiên,Nhiên,Nhiên,Nhiên,Nhiên,Nhiên,Nhiên,Nhiên,Nhiên,Nhiên,Nhiên,Nhiên,Nhiên,Nhiên,Nhiên,Nhiên,Nhiên,Nhiên,Nhiên,Nhiên,Nhiên,Nhiên,Nhiên,Nhiên,Nhiên,Nhiên,Nhiên,Nhiên,Nhiên,Nhiên,Nhiên,Trang,Trang,Nhiên,Nhiên,Nhiên,Nhiên,Nhiên,Nhiên,Trang,Trang,Trang,Trang ,Nhiên,Nhiên,Trang,Trang ,Trang ,Trang ,Nhiên,Nhiên,Trang ,Trang ,Trang ,Trang ,Trang ,Trang ,Trang ,Trang ,Trang ,Trang ,Nhiên,Nhiên,Nhiên,Nhiên,Trang ,Trang ,Nhiên,Nhiên,Nhiên,Nhiên,Nhiên,Nhiên,Nhiên,Nhiên,Nhiên,Nhiên,Nhiên,Nhiên,Huyền,Huyền,Nhiên,Nhiên,Nhiên,Nhiên,Huyền ,Huyền ,Nhiên,Nhiên,Nhiên,Nhiên,Trang ,Trang ,Nhiên,Nhiên,Trang,Trang,Nhiên,Nhiên,Trang,Trang,Nhiên,Nhiên,Nhiên,Nhiên,Trang,Trang,Trang,Trang,Nhiên,Nhiên,Trang,Trang,Nhiên,Nhiên,Trang,Trang,Nhiên,Nhiên,Trang,Trang,Trang,Trang,Nhiên,Nhiên,Trang,Trang,Nhiên,Nhiên,Trang,Trang,Nhiên,Nhiên,Nhiên,Nhiên,Nhiên,Nhiên,Nhiên,Nhiên,Huyền ,Huyền ,Nhiên/Trang,Nhiên/Trang,Huyền ,Huyền ,Huyền ,Huyền ,Nhiên,Nhiên,Huyền ,Huyền ,Huyền ,Huyền ,Nhiên,Nhiên,Huyền ,Huyền ,Nhiên,Nhiên,Huyền ,Huyền ,Nhiên,Nhiên,Huyền ,Huyền ,Nhiên,Nhiên,Nhiên,Nhiên,Huyền ,Huyền ,Huyền,Huyền ,Huyền ,Huyền ,Huyền ,Huyền ,Nhiên,Nhiên,Huyền,Huyền ,Nhiên,Nhiên,Huyền ,Huyền ,Huyền ,Huyền ,Nhiên,Nhiên,Huyền ,Huyền ,Nhiên,Nhiên,Huyền ,Huyền ,Huyền ,Huyền ,Nhiên,Nhiên,Huyền ,Huyền ,Nhiên,Nhiên,Huyền ,Huyền ,Huyền,Huyền ,Nhiên,Nhiên,Huyền ,Huyền ,Nhiên,Nhiên,Huyền ,Huyền ,Huyền,Huyền ,Nhiên,Nhiên,Huyền ,Huyền ,Huyền ,Huyền ,Nhiên,Nhiên,,,,,,,,,,,,,,,,,,,,,,,,,,,,,,,,